Y,red,green,blue,ir_1,vis_1,ir_3,vis_3,E
0,77.0,9.0,83.0,15204.0,2936.0,613.0,137.0,0
1,56.0,72.0,56.0,14914.0,3213.0,617.0,147.0,0
1,62.0,36.0,91.0,14976.0,3880.0,552.0,109.0,0
0,60.0,16.0,73.0,7762.0,2133.0,503.0,111.0,0
0,67.0,52.0,95.0,16825.0,4486.0,629.0,170.0,0
1,88.0,38.0,99.0,24626.0,4958.0,647.0,151.0,0
0,27.0,35.0,93.0,6897.0,3059.0,358.0,130.0,0
1,17.0,61.0,85.0,8029.0,3174.0,385.0,140.0,0
0,47.0,50.0,96.0,9755.0,3520.0,542.0,154.0,0
0,45.0,24.0,90.0,8805.0,2810.0,438.0,135.0,0
1,101.0,44.0,110.0,19526.0,4391.0,676.0,166.0,0
1,32.0,9.0,92.0,5251.0,2464.0,280.0,82.0,0
1,37.0,60.0,79.0,10852.0,3520.0,440.0,125.0,0
1,52.0,22.0,74.0,10288.0,2613.0,397.0,107.0,0
1,70.0,45.0,72.0,13589.0,2841.0,680.0,142.0,0
1,35.0,24.0,107.0,7606.0,3135.0,357.0,130.0,0
1,68.0,103.0,95.0,19142.0,4316.0,864.0,170.0,0
0,55.0,30.0,87.0,12043.0,2857.0,511.0,112.0,0
1,51.0,32.0,88.0,9628.0,3064.0,398.0,112.0,0
0,38.0,41.0,91.0,7280.0,2184.0,394.0,134.0,0
1,72.0,100.0,88.0,19217.0,4126.0,787.0,173.0,0
0,37.0,40.0,104.0,10879.0,4070.0,494.0,162.0,0
0,49.0,53.0,73.0,11181.0,3239.0,514.0,121.0,0
1,28.0,73.0,94.0,10237.0,4033.0,487.0,146.0,0
1,45.0,17.0,86.0,7074.0,1968.0,361.0,93.0,0
1,70.0,6.0,74.0,12170.0,2536.0,424.0,84.0,0
0,59.0,80.0,68.0,17131.0,3645.0,811.0,173.0,0
1,99.0,10.0,97.0,14540.0,3958.0,600.0,114.0,0
1,89.0,62.0,80.0,18145.0,4385.0,745.0,162.0,0
0,51.0,48.0,83.0,12167.0,2891.0,466.0,98.0,0
0,83.0,36.0,73.0,15621.0,3470.0,693.0,150.0,0
0,83.0,22.0,89.0,13487.0,3126.0,526.0,118.0,0
0,8.0,13.0,107.0,4643.0,2668.0,275.0,121.0,0
1,67.0,33.0,77.0,12055.0,2986.0,433.0,95.0,0
1,46.0,34.0,103.0,10182.0,3633.0,495.0,159.0,0
0,27.0,44.0,67.0,7507.0,2357.0,410.0,110.0,0
1,83.0,16.0,80.0,15258.0,3555.0,489.0,109.0,0
1,63.0,54.0,86.0,15003.0,3954.0,592.0,139.0,0
0,47.0,36.0,88.0,7717.0,2406.0,502.0,118.0,0
1,62.0,78.0,90.0,18548.0,5008.0,623.0,161.0,0
0,76.0,77.0,86.0,16725.0,4199.0,709.0,172.0,0
1,45.0,47.0,97.0,11344.0,3410.0,455.0,150.0,0
1,53.0,46.0,100.0,9540.0,3784.0,399.0,114.0,0
0,81.0,6.0,99.0,13609.0,2815.0,664.0,168.0,0
0,80.0,63.0,99.0,21165.0,4752.0,952.0,254.0,0
1,72.0,13.0,71.0,13460.0,2912.0,528.0,91.0,0
0,30.0,27.0,99.0,7442.0,2884.0,418.0,154.0,0
1,76.0,47.0,104.0,14523.0,4038.0,618.0,131.0,0
1,49.0,11.0,90.0,10459.0,3039.0,348.0,102.0,0
1,59.0,96.0,107.0,19529.0,5307.0,733.0,188.0,0
1,67.0,15.0,87.0,12069.0,3174.0,402.0,100.0,0
0,55.0,66.0,82.0,12927.0,3506.0,752.0,173.0,0
0,53.0,23.0,98.0,7601.0,2879.0,485.0,132.0,0
0,69.0,8.0,84.0,10268.0,2396.0,536.0,142.0,0
0,51.0,42.0,60.0,11300.0,2342.0,492.0,99.0,0
0,101.0,46.0,83.0,18953.0,4243.0,831.0,180.0,0
1,91.0,31.0,91.0,16454.0,3813.0,598.0,117.0,0
0,43.0,29.0,106.0,10679.0,3498.0,492.0,146.0,0
1,43.0,32.0,89.0,8110.0,2635.0,399.0,100.0,0
1,64.0,29.0,98.0,11325.0,3500.0,403.0,135.0,0
1,102.0,8.0,84.0,19161.0,3815.0,633.0,119.0,0
1,70.0,23.0,96.0,13355.0,3400.0,392.0,114.0,0
0,55.0,64.0,97.0,15548.0,4861.0,705.0,185.0,0
1,45.0,14.0,99.0,9685.0,2761.0,419.0,103.0,0
0,44.0,0.0,93.0,7915.0,2224.0,347.0,112.0,0
0,60.0,35.0,90.0,11507.0,3304.0,591.0,146.0,0
1,54.0,34.0,91.0,10220.0,2621.0,433.0,120.0,0
0,52.0,8.0,86.0,8630.0,2790.0,495.0,98.0,0
0,69.0,14.0,98.0,14303.0,3284.0,591.0,141.0,0
0,85.0,15.0,72.0,14377.0,2718.0,607.0,126.0,0
1,38.0,23.0,91.0,7466.0,2399.0,303.0,104.0,0
0,34.0,11.0,94.0,7467.0,2488.0,376.0,121.0,0
0,58.0,60.0,88.0,13348.0,3991.0,769.0,180.0,0
0,75.0,40.0,82.0,12512.0,2873.0,713.0,156.0,0
1,71.0,69.0,63.0,17043.0,3822.0,570.0,129.0,0
0,52.0,44.0,59.0,9948.0,2513.0,469.0,117.0,0
0,43.0,77.0,88.0,10689.0,3608.0,651.0,155.0,0
0,67.0,36.0,83.0,14439.0,3258.0,605.0,138.0,0
1,65.0,47.0,79.0,13737.0,3306.0,471.0,111.0,0
1,65.0,10.0,82.0,11538.0,2990.0,507.0,93.0,0
1,54.0,2.0,97.0,10072.0,2957.0,356.0,91.0,0
0,37.0,51.0,78.0,9197.0,3154.0,490.0,115.0,0
0,65.0,29.0,83.0,11102.0,2295.0,529.0,144.0,0
1,70.0,15.0,77.0,10443.0,2515.0,409.0,88.0,0
1,78.0,14.0,95.0,13585.0,3268.0,472.0,104.0,0
1,67.0,4.0,86.0,12392.0,3285.0,500.0,108.0,0
0,55.0,55.0,90.0,13149.0,4008.0,509.0,121.0,0
0,60.0,22.0,105.0,10291.0,3051.0,495.0,163.0,0
1,94.0,58.0,105.0,22774.0,5168.0,676.0,154.0,0
1,60.0,41.0,104.0,11537.0,3226.0,511.0,138.0,0
0,62.0,78.0,92.0,19935.0,5004.0,667.0,157.0,0
1,76.0,35.0,90.0,15607.0,3709.0,512.0,126.0,0
1,45.0,31.0,90.0,8853.0,2658.0,481.0,110.0,0
0,63.0,72.0,77.0,17528.0,4440.0,629.0,171.0,0
1,69.0,56.0,103.0,17736.0,4580.0,626.0,172.0,0
0,82.0,8.0,77.0,12454.0,2559.0,606.0,126.0,0
0,52.0,27.0,77.0,9739.0,2993.0,509.0,130.0,0
1,35.0,70.0,98.0,10960.0,3991.0,475.0,149.0,0
1,92.0,5.0,104.0,16999.0,3941.0,566.0,132.0,0
0,101.0,27.0,79.0,18968.0,3635.0,911.0,155.0,0
1,48.0,3.0,94.0,8757.0,2905.0,337.0,91.0,0
0,76.0,17.0,73.0,15357.0,3595.0,558.0,128.0,0
1,34.0,28.0,79.0,6422.0,2694.0,313.0,87.0,0
0,49.0,44.0,116.0,11756.0,3278.0,623.0,181.0,0
1,92.0,82.0,93.0,22784.0,5754.0,780.0,184.0,0
1,92.0,71.0,85.0,19106.0,4869.0,684.0,153.0,0
1,55.0,15.0,87.0,8239.0,2706.0,401.0,107.0,0
1,46.0,30.0,82.0,9181.0,2603.0,385.0,92.0,0
0,41.0,25.0,90.0,10466.0,2932.0,448.0,111.0,0
1,67.0,1.0,103.0,12162.0,2980.0,497.0,131.0,0
0,72.0,26.0,78.0,11600.0,2983.0,646.0,140.0,0
1,85.0,29.0,93.0,15752.0,3567.0,778.0,144.0,0
1,69.0,49.0,71.0,14499.0,2976.0,597.0,130.0,0
0,2.0,16.0,99.0,3614.0,2320.0,251.0,118.0,0
1,63.0,58.0,70.0,14536.0,3694.0,480.0,115.0,0
1,44.0,51.0,88.0,11763.0,3639.0,456.0,139.0,0
0,58.0,74.0,79.0,12916.0,3310.0,792.0,173.0,0
0,47.0,71.0,94.0,11258.0,3411.0,562.0,188.0,0
0,96.0,33.0,88.0,20008.0,3806.0,960.0,197.0,0
0,58.0,40.0,102.0,13287.0,3491.0,635.0,171.0,0
0,72.0,71.0,101.0,19213.0,4649.0,887.0,224.0,0
1,85.0,51.0,100.0,16645.0,4557.0,698.0,178.0,0
1,48.0,45.0,87.0,11085.0,3431.0,453.0,104.0,0
0,85.0,65.0,85.0,21329.0,4551.0,863.0,189.0,0
1,113.0,25.0,100.0,20373.0,3789.0,672.0,141.0,0
1,65.0,38.0,67.0,14989.0,2713.0,533.0,90.0,0
0,100.0,26.0,97.0,15654.0,3877.0,754.0,177.0,0
1,50.0,36.0,84.0,10164.0,2903.0,451.0,104.0,0
1,39.0,60.0,100.0,13258.0,3600.0,486.0,149.0,0
1,82.0,64.0,96.0,19367.0,4533.0,663.0,160.0,0
1,96.0,36.0,90.0,17103.0,4053.0,722.0,161.0,0
1,88.0,19.0,76.0,18696.0,3324.0,577.0,108.0,0
0,32.0,46.0,80.0,9951.0,2814.0,421.0,124.0,0
1,20.0,48.0,83.0,6375.0,2150.0,322.0,118.0,0
1,77.0,55.0,107.0,14149.0,4067.0,593.0,162.0,0
0,71.0,50.0,80.0,12451.0,2829.0,724.0,163.0,0
1,71.0,30.0,105.0,15472.0,3843.0,578.0,145.0,0
0,42.0,71.0,91.0,12604.0,3826.0,600.0,185.0,0
0,69.0,29.0,113.0,13934.0,3805.0,642.0,187.0,0
0,64.0,64.0,101.0,17593.0,4413.0,682.0,210.0,0
1,66.0,64.0,94.0,15586.0,4063.0,600.0,154.0,0
0,53.0,47.0,80.0,10891.0,2958.0,689.0,160.0,0
0,64.0,4.0,84.0,10215.0,2779.0,592.0,140.0,0
0,67.0,3.0,80.0,12227.0,2570.0,514.0,129.0,0
1,94.0,44.0,110.0,19736.0,4556.0,609.0,163.0,0
1,102.0,7.0,62.0,17803.0,2814.0,523.0,79.0,0
0,65.0,34.0,84.0,10774.0,3210.0,613.0,148.0,0
0,79.0,12.0,95.0,16446.0,3523.0,692.0,162.0,0
1,87.0,25.0,94.0,17991.0,3962.0,628.0,143.0,0
0,65.0,58.0,108.0,17991.0,4275.0,869.0,237.0,0
1,104.0,71.0,69.0,23369.0,4265.0,814.0,154.0,0
0,68.0,70.0,81.0,17038.0,4712.0,703.0,189.0,0
1,37.0,62.0,94.0,11725.0,4228.0,425.0,129.0,0
0,70.0,25.0,111.0,12587.0,3626.0,623.0,146.0,0
0,54.0,61.0,107.0,14756.0,3927.0,692.0,165.0,0
1,100.0,10.0,78.0,14253.0,2733.0,602.0,106.0,0
0,82.0,13.0,98.0,14140.0,3317.0,651.0,150.0,0
1,67.0,17.0,90.0,9295.0,3180.0,420.0,119.0,0
1,52.0,76.0,89.0,13879.0,3949.0,716.0,204.0,0
1,58.0,32.0,79.0,12939.0,2820.0,458.0,124.0,0
1,53.0,69.0,82.0,16141.0,4211.0,524.0,142.0,0
1,93.0,61.0,75.0,23192.0,4843.0,679.0,140.0,0
0,90.0,37.0,89.0,19768.0,4063.0,803.0,168.0,0
0,45.0,47.0,96.0,11537.0,3409.0,565.0,129.0,0
0,62.0,34.0,96.0,11590.0,3174.0,659.0,168.0,0
1,52.0,36.0,76.0,11690.0,2974.0,485.0,144.0,0
0,51.0,16.0,97.0,9775.0,2801.0,482.0,122.0,0
0,39.0,121.0,103.0,17400.0,5134.0,719.0,231.0,0
0,34.0,40.0,93.0,11449.0,3474.0,489.0,125.0,0
0,62.0,86.0,84.0,14669.0,4083.0,811.0,171.0,0
0,89.0,16.0,92.0,17001.0,3366.0,796.0,144.0,0
0,66.0,3.0,87.0,10376.0,2551.0,512.0,124.0,0
1,68.0,48.0,90.0,16418.0,3674.0,577.0,130.0,0
1,52.0,40.0,110.0,11086.0,4082.0,527.0,139.0,0
1,33.0,40.0,85.0,7294.0,2871.0,371.0,124.0,0
0,47.0,23.0,86.0,8701.0,2655.0,485.0,108.0,0
1,53.0,24.0,75.0,10144.0,2514.0,371.0,91.0,0
0,65.0,15.0,104.0,13492.0,3263.0,568.0,160.0,0
1,67.0,36.0,81.0,13690.0,3186.0,369.0,80.0,0
1,56.0,9.0,98.0,12230.0,2741.0,462.0,135.0,0
1,76.0,63.0,113.0,18084.0,4101.0,679.0,150.0,0
0,38.0,38.0,97.0,8633.0,2849.0,536.0,170.0,0
0,79.0,52.0,99.0,17619.0,4228.0,992.0,217.0,0
1,81.0,30.0,61.0,15465.0,2772.0,569.0,98.0,0
0,78.0,55.0,109.0,16421.0,4402.0,863.0,209.0,0
0,57.0,29.0,99.0,8807.0,2848.0,589.0,158.0,0
0,61.0,4.0,92.0,10364.0,2854.0,491.0,139.0,0
0,17.0,6.0,80.0,3945.0,2295.0,214.0,64.0,0
0,86.0,49.0,94.0,21168.0,4579.0,851.0,199.0,0
0,63.0,70.0,91.0,13500.0,3281.0,661.0,171.0,0
1,42.0,5.0,83.0,6586.0,2069.0,321.0,84.0,0
1,70.0,50.0,79.0,14952.0,3843.0,584.0,154.0,0
1,83.0,37.0,85.0,14913.0,3475.0,617.0,133.0,0
0,66.0,54.0,75.0,15937.0,3321.0,676.0,158.0,0
1,109.0,38.0,79.0,21287.0,4079.0,848.0,157.0,0
0,45.0,6.0,96.0,8984.0,2929.0,401.0,118.0,0
0,82.0,33.0,83.0,17011.0,4047.0,616.0,156.0,0
0,56.0,58.0,84.0,17632.0,3937.0,665.0,159.0,0
0,91.0,16.0,105.0,16137.0,4345.0,692.0,166.0,0
1,28.0,18.0,82.0,5720.0,2213.0,232.0,85.0,0
0,38.0,23.0,90.0,5866.0,2130.0,90.0,125.0,1
1,89.0,0.0,94.0,14934.0,3182.0,97.0,93.0,1
0,63.0,39.0,84.0,13112.0,3444.0,150.0,146.0,1
1,45.0,8.0,82.0,8960.0,2264.0,101.0,83.0,1
0,75.0,48.0,85.0,13339.0,3319.0,244.0,214.0,1
0,64.0,58.0,106.0,14698.0,3918.0,200.0,215.0,1
1,62.0,44.0,86.0,16346.0,3748.0,170.0,131.0,1
1,81.0,26.0,60.0,16321.0,2947.0,131.0,94.0,1
0,73.0,51.0,109.0,16028.0,4300.0,170.0,177.0,1
1,53.0,37.0,99.0,11130.0,3153.0,141.0,131.0,1
0,69.0,83.0,93.0,15522.0,4634.0,226.0,217.0,1
1,38.0,42.0,83.0,8548.0,2795.0,110.0,111.0,1
1,81.0,16.0,117.0,15279.0,3869.0,144.0,150.0,1
0,52.0,9.0,88.0,9746.0,2899.0,93.0,100.0,1
1,70.0,7.0,98.0,12646.0,3334.0,118.0,107.0,1
0,53.0,76.0,83.0,14691.0,3966.0,192.0,206.0,1
0,110.0,48.0,95.0,21986.0,4345.0,270.0,205.0,1
0,59.0,32.0,77.0,9382.0,3111.0,156.0,155.0,1
0,60.0,34.0,96.0,13002.0,3798.0,149.0,139.0,1
1,66.0,40.0,85.0,15031.0,3520.0,149.0,145.0,1
0,108.0,34.0,97.0,21177.0,4350.0,240.0,184.0,1
0,66.0,70.0,95.0,13893.0,3574.0,196.0,192.0,1
1,75.0,8.0,91.0,13271.0,2736.0,127.0,105.0,1
0,90.0,45.0,90.0,13955.0,3484.0,218.0,203.0,1
1,47.0,28.0,103.0,10242.0,3530.0,121.0,130.0,1
0,33.0,9.0,70.0,5053.0,1908.0,63.0,72.0,1
1,94.0,4.0,100.0,15496.0,3432.0,144.0,118.0,1
1,38.0,54.0,89.0,8119.0,2858.0,115.0,125.0,1
1,82.0,18.0,82.0,13079.0,2898.0,110.0,94.0,1
0,72.0,23.0,94.0,15408.0,4121.0,141.0,148.0,1
0,63.0,8.0,104.0,12116.0,3053.0,118.0,114.0,1
1,52.0,34.0,120.0,13435.0,3933.0,116.0,143.0,1
0,43.0,76.0,93.0,14518.0,3954.0,166.0,179.0,1
1,61.0,12.0,85.0,13049.0,2801.0,118.0,92.0,1
0,62.0,66.0,101.0,17203.0,4244.0,180.0,191.0,1
1,69.0,3.0,91.0,11950.0,3156.0,120.0,119.0,1
1,46.0,18.0,94.0,8886.0,2750.0,98.0,110.0,1
0,76.0,29.0,97.0,16273.0,3726.0,174.0,175.0,1
0,63.0,32.0,75.0,11313.0,2546.0,140.0,117.0,1
1,93.0,37.0,69.0,19084.0,3710.0,170.0,118.0,1
0,92.0,30.0,95.0,15847.0,3658.0,201.0,175.0,1
1,71.0,53.0,103.0,16949.0,4467.0,143.0,137.0,1
0,71.0,59.0,104.0,16960.0,4612.0,214.0,219.0,1
1,33.0,57.0,100.0,11442.0,3896.0,103.0,133.0,1
1,82.0,58.0,98.0,19653.0,5416.0,179.0,174.0,1
0,43.0,6.0,87.0,7548.0,2513.0,105.0,132.0,1
1,56.0,58.0,93.0,15276.0,3301.0,137.0,159.0,1
0,71.0,69.0,84.0,17263.0,3617.0,153.0,164.0,1
1,41.0,38.0,93.0,8363.0,3059.0,93.0,109.0,1
0,105.0,76.0,109.0,21536.0,5087.0,312.0,273.0,1
0,44.0,31.0,84.0,10165.0,3092.0,115.0,127.0,1
0,85.0,21.0,93.0,13136.0,2686.0,127.0,134.0,1
0,52.0,55.0,106.0,14486.0,4073.0,140.0,171.0,1
0,36.0,24.0,96.0,8098.0,2869.0,119.0,135.0,1
1,67.0,1.0,88.0,12176.0,2771.0,132.0,117.0,1
0,70.0,23.0,83.0,14690.0,3329.0,170.0,138.0,1
1,59.0,39.0,79.0,11409.0,2585.0,148.0,124.0,1
0,57.0,75.0,106.0,17959.0,5036.0,220.0,233.0,1
0,59.0,35.0,115.0,15790.0,4175.0,136.0,186.0,1
1,57.0,56.0,101.0,13552.0,4055.0,157.0,173.0,1
1,37.0,25.0,93.0,9360.0,2887.0,106.0,117.0,1
0,52.0,51.0,83.0,12811.0,3550.0,121.0,134.0,1
0,83.0,53.0,92.0,16402.0,3822.0,253.0,223.0,1
1,43.0,57.0,101.0,13890.0,3910.0,134.0,148.0,1
1,2.0,44.0,102.0,6520.0,3108.0,92.0,114.0,1
1,62.0,37.0,96.0,14496.0,3983.0,118.0,114.0,1
0,62.0,39.0,92.0,13582.0,3629.0,132.0,148.0,1
0,36.0,29.0,105.0,9077.0,2876.0,86.0,110.0,1
1,44.0,56.0,83.0,10500.0,3034.0,112.0,126.0,1
1,45.0,7.0,89.0,9414.0,2725.0,107.0,107.0,1
0,53.0,40.0,85.0,9642.0,2710.0,130.0,125.0,1
0,40.0,47.0,86.0,9112.0,2802.0,157.0,153.0,1
0,81.0,33.0,94.0,16820.0,3559.0,215.0,179.0,1
1,66.0,21.0,106.0,13171.0,3433.0,138.0,135.0,1
0,87.0,2.0,86.0,14853.0,3225.0,159.0,129.0,1
0,69.0,0.0,102.0,11757.0,3258.0,136.0,137.0,1
0,93.0,34.0,85.0,13099.0,2850.0,201.0,145.0,1
1,63.0,23.0,99.0,10998.0,3074.0,98.0,104.0,1
0,71.0,15.0,73.0,9814.0,2271.0,139.0,132.0,1
0,39.0,21.0,74.0,7298.0,2062.0,98.0,111.0,1
0,23.0,53.0,91.0,7420.0,3010.0,126.0,156.0,1
0,74.0,14.0,105.0,14853.0,3395.0,164.0,164.0,1
1,57.0,24.0,115.0,10639.0,3243.0,119.0,150.0,1
0,45.0,13.0,67.0,8079.0,1934.0,133.0,104.0,1
0,44.0,49.0,94.0,11501.0,3264.0,154.0,176.0,1
1,27.0,29.0,112.0,7805.0,2729.0,70.0,116.0,1
0,77.0,37.0,95.0,14509.0,3295.0,180.0,172.0,1
1,52.0,72.0,82.0,10733.0,3045.0,165.0,158.0,1
1,79.0,72.0,105.0,17803.0,4864.0,160.0,179.0,1
0,66.0,69.0,116.0,15015.0,3903.0,235.0,238.0,1
1,93.0,42.0,99.0,17688.0,3974.0,177.0,152.0,1
0,62.0,38.0,102.0,14639.0,3752.0,129.0,151.0,1
1,59.0,38.0,83.0,10313.0,2750.0,147.0,113.0,1
0,89.0,12.0,75.0,11926.0,2486.0,106.0,100.0,1
1,77.0,68.0,91.0,19001.0,3990.0,187.0,172.0,1
1,37.0,13.0,81.0,6122.0,2069.0,81.0,94.0,1
1,56.0,12.0,76.0,9600.0,2407.0,96.0,88.0,1
0,88.0,56.0,79.0,20172.0,4574.0,215.0,178.0,1
0,30.0,69.0,95.0,11301.0,3885.0,138.0,152.0,1
0,55.0,17.0,101.0,10546.0,2704.0,131.0,148.0,1
0,25.0,47.0,84.0,7489.0,3067.0,123.0,134.0,1
1,47.0,8.0,89.0,8313.0,2622.0,110.0,112.0,1
0,56.0,16.0,97.0,9974.0,2738.0,119.0,132.0,1
1,69.0,98.0,92.0,18863.0,5075.0,173.0,189.0,1
1,96.0,43.0,68.0,19370.0,3749.0,157.0,120.0,1
0,88.0,27.0,85.0,17299.0,3451.0,212.0,172.0,1
0,45.0,31.0,66.0,6707.0,1906.0,117.0,100.0,1
1,58.0,22.0,97.0,10093.0,2769.0,127.0,125.0,1
0,54.0,37.0,80.0,11310.0,3016.0,161.0,157.0,1
0,19.0,67.0,85.0,9258.0,3214.0,126.0,167.0,1
1,55.0,15.0,98.0,11680.0,3253.0,102.0,104.0,1
1,57.0,45.0,78.0,12394.0,3306.0,85.0,87.0,1
0,73.0,5.0,93.0,14088.0,3046.0,147.0,140.0,1
0,46.0,58.0,68.0,10682.0,2616.0,127.0,120.0,1
0,79.0,5.0,92.0,12259.0,2433.0,158.0,135.0,1
1,74.0,33.0,74.0,13992.0,3258.0,177.0,136.0,1
1,91.0,17.0,96.0,16650.0,3600.0,136.0,113.0,1
1,88.0,47.0,109.0,17484.0,4353.0,179.0,153.0,1
1,61.0,33.0,82.0,13820.0,3537.0,84.0,92.0,1
1,66.0,65.0,101.0,14736.0,4518.0,190.0,191.0,1
0,88.0,62.0,88.0,17256.0,3794.0,231.0,221.0,1
0,74.0,61.0,100.0,17820.0,4307.0,257.0,250.0,1
1,70.0,31.0,99.0,15632.0,3315.0,133.0,128.0,1
1,84.0,26.0,91.0,18956.0,4882.0,166.0,122.0,1
1,54.0,60.0,104.0,15744.0,4408.0,159.0,176.0,1
0,65.0,3.0,101.0,13033.0,3236.0,173.0,165.0,1
0,55.0,54.0,83.0,13449.0,3671.0,141.0,159.0,1
0,63.0,24.0,94.0,12143.0,2960.0,115.0,115.0,1
0,81.0,59.0,118.0,16848.0,4755.0,191.0,223.0,1
1,83.0,52.0,83.0,15572.0,3876.0,149.0,117.0,1
1,63.0,38.0,76.0,11853.0,3055.0,111.0,108.0,1
0,48.0,12.0,95.0,10560.0,3053.0,92.0,115.0,1
0,71.0,17.0,95.0,13087.0,3072.0,139.0,115.0,1
1,72.0,23.0,111.0,13701.0,3595.0,150.0,144.0,1
0,77.0,78.0,132.0,23466.0,5794.0,271.0,257.0,1
1,73.0,17.0,94.0,13068.0,2938.0,133.0,123.0,1
1,58.0,72.0,98.0,15402.0,4855.0,143.0,143.0,1
0,88.0,40.0,83.0,17449.0,3834.0,195.0,173.0,1
0,57.0,90.0,107.0,21648.0,5186.0,238.0,228.0,1
1,83.0,64.0,70.0,18700.0,4347.0,208.0,170.0,1
1,83.0,46.0,89.0,19535.0,4053.0,160.0,133.0,1
0,71.0,18.0,86.0,12410.0,2953.0,137.0,117.0,1
1,28.0,26.0,91.0,6849.0,2446.0,56.0,78.0,1
1,27.0,17.0,100.0,5590.0,2020.0,72.0,94.0,1
1,69.0,84.0,103.0,15338.0,3952.0,171.0,186.0,1
0,34.0,1.0,101.0,7070.0,2769.0,88.0,136.0,1
1,61.0,25.0,109.0,13351.0,3958.0,127.0,128.0,1
1,41.0,48.0,74.0,9446.0,2556.0,91.0,90.0,1
0,54.0,47.0,84.0,11509.0,3201.0,162.0,151.0,1
0,79.0,80.0,88.0,18087.0,4231.0,212.0,206.0,1
1,88.0,4.0,93.0,14048.0,3412.0,151.0,127.0,1
0,87.0,19.0,109.0,16438.0,4254.0,182.0,166.0,1
0,82.0,46.0,103.0,16652.0,4557.0,195.0,187.0,1
0,54.0,86.0,94.0,16533.0,4183.0,223.0,229.0,1
1,81.0,77.0,95.0,19550.0,3892.0,138.0,153.0,1
1,39.0,14.0,86.0,6842.0,2505.0,72.0,82.0,1
0,42.0,55.0,89.0,12323.0,3657.0,149.0,159.0,1
1,46.0,36.0,106.0,8497.0,3487.0,127.0,151.0,1
0,92.0,35.0,83.0,17066.0,3946.0,198.0,162.0,1
1,60.0,15.0,79.0,11538.0,2741.0,85.0,82.0,1
1,87.0,21.0,76.0,16088.0,3533.0,139.0,106.0,1
1,81.0,11.0,81.0,14913.0,3602.0,150.0,119.0,1
0,64.0,36.0,108.0,15742.0,3722.0,173.0,166.0,1
1,71.0,50.0,81.0,16189.0,3424.0,175.0,149.0,1
0,62.0,52.0,66.0,13372.0,3043.0,120.0,131.0,1
1,63.0,12.0,92.0,12934.0,3007.0,120.0,111.0,1
0,46.0,54.0,83.0,11856.0,3528.0,129.0,147.0,1
0,122.0,68.0,90.0,29833.0,5679.0,287.0,197.0,1
0,66.0,44.0,94.0,14596.0,3561.0,165.0,172.0,1
1,99.0,24.0,94.0,16579.0,3621.0,155.0,124.0,1
0,45.0,42.0,98.0,10460.0,3699.0,155.0,182.0,1
1,27.0,31.0,81.0,6151.0,2220.0,79.0,90.0,1
0,72.0,37.0,101.0,14626.0,3323.0,180.0,165.0,1
0,66.0,84.0,102.0,19234.0,4656.0,195.0,189.0,1
1,66.0,28.0,95.0,12645.0,3130.0,140.0,131.0,1
0,52.0,29.0,107.0,10785.0,2981.0,113.0,149.0,1
1,53.0,10.0,92.0,13790.0,3114.0,119.0,116.0,1
1,45.0,69.0,88.0,14959.0,3734.0,117.0,113.0,1
0,63.0,19.0,85.0,12982.0,3214.0,130.0,110.0,1
0,37.0,56.0,85.0,9677.0,2856.0,169.0,163.0,1
0,82.0,91.0,112.0,23611.0,5543.0,222.0,220.0,1
1,64.0,53.0,94.0,16116.0,3741.0,153.0,150.0,1
1,75.0,58.0,79.0,16009.0,3486.0,181.0,151.0,1
0,58.0,1.0,90.0,9067.0,2721.0,118.0,124.0,1
0,77.0,83.0,80.0,19939.0,4730.0,235.0,228.0,1
0,57.0,58.0,85.0,14101.0,3171.0,149.0,166.0,1
0,30.0,41.0,112.0,9346.0,3477.0,82.0,128.0,1
1,32.0,17.0,79.0,7206.0,2594.0,65.0,86.0,1
1,73.0,46.0,63.0,12451.0,3118.0,160.0,120.0,1
0,87.0,39.0,95.0,17499.0,4134.0,210.0,201.0,1
1,31.0,22.0,95.0,7721.0,2647.0,89.0,98.0,1
0,73.0,16.0,89.0,14271.0,3166.0,141.0,128.0,1
0,64.0,27.0,101.0,14047.0,3482.0,126.0,143.0,1
1,77.0,10.0,96.0,14110.0,3074.0,120.0,110.0,1
1,65.0,15.0,69.0,12683.0,2571.0,116.0,97.0,1
1,33.0,52.0,93.0,9928.0,3375.0,97.0,129.0,1
0,60.0,23.0,78.0,11684.0,2548.0,135.0,113.0,1
0,79.0,25.0,89.0,10579.0,2899.0,172.0,149.0,1
0,45.0,73.0,85.0,11412.0,2810.0,137.0,161.0,1
0,48.0,21.0,81.0,9423.0,2863.0,101.0,105.0,1
1,4.0,37.0,86.0,5755.0,2732.0,148.0,89.0,2
1,22.0,45.0,94.0,8912.0,2863.0,170.0,120.0,2
0,5.0,24.0,68.0,3120.0,1629.0,122.0,84.0,2
1,9.0,22.0,96.0,4840.0,2629.0,107.0,82.0,2
0,12.0,27.0,108.0,6060.0,3222.0,152.0,121.0,2
1,36.0,73.0,109.0,14021.0,4692.0,284.0,211.0,2
0,25.0,29.0,87.0,5545.0,2458.0,177.0,110.0,2
0,20.0,1.0,73.0,3995.0,1709.0,109.0,77.0,2
1,1.0,82.0,90.0,10494.0,3650.0,209.0,131.0,2
0,28.0,57.0,92.0,9473.0,3186.0,245.0,178.0,2
0,14.0,44.0,93.0,6232.0,2647.0,205.0,140.0,2
0,32.0,23.0,96.0,6883.0,3077.0,193.0,112.0,2
0,9.0,102.0,66.0,9941.0,3455.0,263.0,172.0,2
0,2.0,33.0,114.0,6048.0,3036.0,181.0,164.0,2
0,37.0,55.0,61.0,8626.0,2227.0,229.0,134.0,2
1,8.0,23.0,90.0,4409.0,2290.0,125.0,93.0,2
1,14.0,48.0,78.0,7963.0,2743.0,163.0,105.0,2
0,11.0,13.0,99.0,4875.0,2515.0,136.0,109.0,2
0,3.0,52.0,83.0,6480.0,2683.0,170.0,119.0,2
1,35.0,28.0,79.0,7987.0,2726.0,162.0,99.0,2
1,35.0,53.0,79.0,8936.0,3434.0,219.0,96.0,2
1,51.0,48.0,66.0,10720.0,2516.0,229.0,109.0,2
1,14.0,40.0,80.0,5889.0,2490.0,137.0,93.0,2
1,47.0,37.0,85.0,9757.0,3186.0,233.0,102.0,2
0,16.0,67.0,89.0,9462.0,3341.0,237.0,168.0,2
0,25.0,5.0,112.0,5116.0,2539.0,156.0,126.0,2
1,3.0,60.0,106.0,8793.0,4075.0,182.0,132.0,2
1,39.0,35.0,84.0,8225.0,2596.0,203.0,117.0,2
0,11.0,21.0,67.0,3407.0,1528.0,119.0,89.0,2
1,9.0,46.0,60.0,4978.0,2037.0,120.0,71.0,2
0,0.0,69.0,64.0,7236.0,3078.0,203.0,135.0,2
1,20.0,108.0,73.0,11323.0,3573.0,253.0,165.0,2
1,17.0,44.0,81.0,6760.0,3017.0,145.0,89.0,2
0,23.0,26.0,88.0,5503.0,2299.0,159.0,142.0,2
0,53.0,63.0,95.0,12454.0,4007.0,357.0,190.0,2
0,41.0,40.0,90.0,8577.0,3567.0,270.0,134.0,2
1,41.0,46.0,82.0,11223.0,3195.0,238.0,108.0,2
1,19.0,54.0,68.0,8260.0,3032.0,155.0,88.0,2
0,4.0,10.0,76.0,3061.0,1629.0,91.0,71.0,2
0,7.0,4.0,86.0,2957.0,1597.0,116.0,99.0,2
1,47.0,48.0,96.0,11995.0,3296.0,238.0,129.0,2
0,15.0,67.0,73.0,8149.0,2517.0,257.0,142.0,2
0,36.0,71.0,90.0,11968.0,3561.0,336.0,179.0,2
0,25.0,59.0,104.0,9529.0,3427.0,248.0,176.0,2
1,23.0,55.0,88.0,10191.0,3786.0,185.0,119.0,2
1,10.0,32.0,90.0,5976.0,2722.0,138.0,105.0,2
0,39.0,43.0,72.0,8520.0,2917.0,264.0,112.0,2
1,8.0,24.0,87.0,3652.0,2187.0,119.0,80.0,2
1,14.0,44.0,110.0,7717.0,3572.0,183.0,146.0,2
0,62.0,82.0,90.0,21731.0,5205.0,363.0,209.0,2
1,28.0,25.0,96.0,6450.0,2812.0,162.0,123.0,2
1,16.0,44.0,94.0,7722.0,3141.0,165.0,130.0,2
0,20.0,74.0,81.0,8803.0,3239.0,262.0,176.0,2
0,15.0,51.0,89.0,8158.0,3204.0,196.0,147.0,2
1,28.0,34.0,64.0,6698.0,2315.0,153.0,81.0,2
1,14.0,24.0,105.0,5751.0,2802.0,135.0,107.0,2
0,25.0,16.0,90.0,5865.0,2282.0,149.0,104.0,2
1,27.0,73.0,104.0,12362.0,4450.0,239.0,177.0,2
1,22.0,96.0,91.0,12711.0,4792.0,260.0,141.0,2
0,19.0,63.0,82.0,7473.0,2671.0,224.0,140.0,2
1,8.0,43.0,75.0,5411.0,2279.0,149.0,88.0,2
0,7.0,23.0,88.0,4050.0,2136.0,123.0,94.0,2
1,31.0,43.0,97.0,10267.0,3275.0,200.0,111.0,2
0,10.0,63.0,118.0,9190.0,3996.0,245.0,170.0,2
0,24.0,65.0,89.0,9014.0,3601.0,231.0,136.0,2
1,11.0,50.0,83.0,6057.0,2476.0,167.0,107.0,2
0,5.0,42.0,77.0,5572.0,2295.0,160.0,122.0,2
1,14.0,73.0,93.0,7806.0,3123.0,211.0,134.0,2
0,11.0,23.0,68.0,3539.0,1575.0,115.0,83.0,2
1,9.0,35.0,93.0,6040.0,2553.0,159.0,109.0,2
1,21.0,27.0,87.0,5889.0,2265.0,137.0,98.0,2
1,9.0,29.0,67.0,3726.0,1669.0,93.0,61.0,2
0,29.0,45.0,92.0,7425.0,2665.0,203.0,143.0,2
0,27.0,74.0,99.0,10959.0,4566.0,252.0,146.0,2
1,26.0,29.0,109.0,7134.0,3281.0,176.0,107.0,2
1,4.0,65.0,74.0,7583.0,2713.0,189.0,109.0,2
1,45.0,27.0,78.0,8354.0,2423.0,184.0,119.0,2
0,18.0,58.0,51.0,6488.0,2191.0,176.0,85.0,2
1,40.0,8.0,69.0,5097.0,1677.0,138.0,52.0,2
0,7.0,9.0,84.0,3803.0,2118.0,104.0,75.0,2
0,22.0,40.0,81.0,6943.0,2585.0,187.0,99.0,2
1,50.0,73.0,93.0,13624.0,3433.0,294.0,172.0,2
0,72.0,97.0,99.0,16482.0,3811.0,454.0,254.0,2
1,1.0,3.0,90.0,3199.0,1956.0,95.0,61.0,2
0,17.0,46.0,92.0,6402.0,2574.0,215.0,136.0,2
0,11.0,89.0,83.0,11156.0,4136.0,274.0,163.0,2
0,2.0,48.0,115.0,6796.0,3626.0,207.0,125.0,2
1,21.0,21.0,78.0,4452.0,1883.0,124.0,78.0,2
1,0.0,72.0,70.0,8607.0,3002.0,199.0,111.0,2
1,22.0,98.0,83.0,12634.0,3976.0,258.0,161.0,2
1,37.0,57.0,69.0,10572.0,3123.0,220.0,105.0,2
1,38.0,64.0,69.0,10783.0,3380.0,230.0,90.0,2
1,47.0,24.0,86.0,7863.0,2450.0,204.0,111.0,2
1,28.0,11.0,89.0,6232.0,2427.0,137.0,76.0,2
0,7.0,40.0,79.0,5621.0,2297.0,164.0,118.0,2
0,16.0,19.0,87.0,5163.0,2413.0,118.0,86.0,2
0,38.0,12.0,101.0,7759.0,2597.0,193.0,144.0,2
0,9.0,16.0,93.0,3847.0,2017.0,125.0,98.0,2
1,16.0,48.0,72.0,6845.0,2384.0,148.0,84.0,2
0,23.0,62.0,93.0,9465.0,3745.0,233.0,139.0,2
0,4.0,24.0,96.0,3936.0,2336.0,147.0,128.0,2
1,18.0,35.0,78.0,4398.0,1728.0,131.0,88.0,2
1,2.0,53.0,106.0,8744.0,3357.0,168.0,108.0,2
1,11.0,43.0,79.0,4569.0,2269.0,145.0,80.0,2
0,29.0,3.0,105.0,6921.0,2875.0,165.0,110.0,2
0,27.0,28.0,92.0,7947.0,2623.0,187.0,117.0,2
1,45.0,3.0,101.0,9632.0,2823.0,193.0,99.0,2
0,30.0,52.0,58.0,9848.0,2435.0,182.0,107.0,2
0,8.0,17.0,114.0,4725.0,2951.0,139.0,114.0,2
0,40.0,26.0,73.0,6532.0,1890.0,187.0,107.0,2
1,20.0,55.0,85.0,7379.0,2520.0,192.0,131.0,2
1,35.0,15.0,103.0,9338.0,3154.0,174.0,132.0,2
1,42.0,43.0,88.0,10075.0,3141.0,221.0,131.0,2
1,34.0,3.0,83.0,5834.0,1890.0,136.0,80.0,2
1,14.0,41.0,91.0,6819.0,2857.0,163.0,88.0,2
0,22.0,9.0,96.0,6213.0,2878.0,146.0,113.0,2
1,15.0,50.0,78.0,5981.0,2574.0,148.0,106.0,2
0,26.0,83.0,98.0,13375.0,4572.0,311.0,201.0,2
0,17.0,22.0,110.0,5860.0,2836.0,158.0,132.0,2
1,5.0,62.0,96.0,6417.0,2721.0,202.0,138.0,2
0,24.0,32.0,98.0,7448.0,3005.0,181.0,158.0,2
0,7.0,60.0,110.0,9239.0,4152.0,232.0,179.0,2
0,29.0,59.0,112.0,10840.0,3742.0,269.0,187.0,2
1,4.0,40.0,72.0,5474.0,2226.0,122.0,100.0,2
0,0.0,70.0,111.0,8672.0,3218.0,247.0,167.0,2
0,12.0,61.0,88.0,8966.0,3353.0,240.0,137.0,2
1,51.0,23.0,101.0,11512.0,3077.0,195.0,116.0,2
0,26.0,46.0,84.0,6605.0,2572.0,210.0,125.0,2
1,15.0,104.0,118.0,14741.0,5903.0,271.0,185.0,2
1,5.0,24.0,99.0,4810.0,2811.0,125.0,107.0,2
1,2.0,11.0,103.0,3670.0,2309.0,110.0,95.0,2
0,28.0,49.0,92.0,9843.0,2929.0,230.0,158.0,2
0,40.0,49.0,98.0,11697.0,3436.0,325.0,159.0,2
0,1.0,88.0,95.0,9495.0,3695.0,273.0,193.0,2
1,21.0,139.0,87.0,14877.0,5085.0,336.0,203.0,2
0,28.0,46.0,99.0,9845.0,2947.0,214.0,197.0,2
0,11.0,55.0,82.0,6599.0,2928.0,171.0,126.0,2
0,19.0,23.0,101.0,5264.0,2726.0,162.0,126.0,2
1,33.0,77.0,108.0,10972.0,3833.0,274.0,193.0,2
0,22.0,5.0,76.0,3501.0,1536.0,131.0,76.0,2
1,14.0,35.0,88.0,6282.0,2802.0,133.0,87.0,2
0,3.0,30.0,110.0,5262.0,3336.0,157.0,140.0,2
0,17.0,39.0,77.0,4994.0,2373.0,182.0,131.0,2
0,17.0,60.0,83.0,6608.0,2638.0,196.0,144.0,2
1,7.0,67.0,78.0,8018.0,2938.0,190.0,131.0,2
0,3.0,62.0,82.0,7383.0,3008.0,212.0,152.0,2
0,18.0,81.0,106.0,12033.0,4010.0,270.0,192.0,2
1,12.0,9.0,84.0,3656.0,2098.0,98.0,75.0,2
1,8.0,25.0,82.0,3429.0,1678.0,109.0,94.0,2
1,4.0,33.0,91.0,3987.0,1986.0,133.0,109.0,2
1,34.0,44.0,84.0,7655.0,2695.0,171.0,124.0,2
0,13.0,82.0,66.0,9618.0,3250.0,269.0,170.0,2
1,34.0,67.0,88.0,12560.0,3968.0,236.0,131.0,2
0,1.0,47.0,82.0,6010.0,2672.0,179.0,127.0,2
1,0.0,48.0,92.0,6088.0,2738.0,145.0,115.0,2
1,42.0,30.0,85.0,8227.0,2588.0,200.0,115.0,2
1,25.0,35.0,82.0,6144.0,2595.0,161.0,107.0,2
1,64.0,75.0,86.0,16393.0,4375.0,298.0,171.0,2
1,17.0,23.0,90.0,4942.0,2546.0,131.0,83.0,2
1,6.0,15.0,79.0,3319.0,1639.0,99.0,71.0,2
1,47.0,12.0,81.0,8263.0,2402.0,183.0,91.0,2
0,6.0,19.0,83.0,3654.0,1722.0,117.0,99.0,2
0,13.0,80.0,84.0,11735.0,4746.0,256.0,180.0,2
0,44.0,20.0,90.0,8735.0,2312.0,239.0,134.0,2
1,3.0,3.0,74.0,2162.0,1447.0,86.0,64.0,2
0,16.0,41.0,77.0,5753.0,2672.0,173.0,113.0,2
0,38.0,23.0,82.0,7061.0,2354.0,210.0,119.0,2
0,11.0,38.0,79.0,6194.0,2994.0,158.0,114.0,2
1,49.0,47.0,117.0,12989.0,3849.0,290.0,159.0,2
1,68.0,46.0,92.0,16943.0,4212.0,282.0,125.0,2
1,17.0,55.0,82.0,8160.0,2714.0,206.0,134.0,2
0,12.0,19.0,94.0,3809.0,2458.0,125.0,93.0,2
0,52.0,62.0,102.0,14013.0,3837.0,374.0,202.0,2
0,73.0,64.0,103.0,17285.0,4225.0,412.0,193.0,2
0,16.0,48.0,113.0,6942.0,3231.0,228.0,176.0,2
0,2.0,77.0,73.0,7843.0,3141.0,226.0,106.0,2
1,16.0,41.0,90.0,5839.0,2601.0,163.0,117.0,2
1,27.0,33.0,70.0,5512.0,2038.0,130.0,98.0,2
1,23.0,27.0,106.0,6711.0,2778.0,162.0,131.0,2
0,25.0,27.0,95.0,5484.0,2742.0,171.0,125.0,2
0,51.0,90.0,75.0,13488.0,3649.0,363.0,155.0,2
1,25.0,47.0,98.0,9256.0,3295.0,176.0,114.0,2
0,3.0,17.0,91.0,3852.0,2263.0,113.0,90.0,2
0,21.0,37.0,64.0,4395.0,2010.0,198.0,108.0,2
0,8.0,18.0,72.0,2810.0,1817.0,110.0,94.0,2
1,31.0,27.0,94.0,6645.0,2560.0,159.0,105.0,2
1,13.0,90.0,96.0,9034.0,3442.0,243.0,155.0,2
0,18.0,16.0,90.0,4422.0,2204.0,137.0,119.0,2
1,26.0,1.0,107.0,6411.0,3263.0,130.0,100.0,2
1,6.0,49.0,97.0,6592.0,3175.0,172.0,131.0,2
1,22.0,48.0,81.0,7313.0,2834.0,170.0,105.0,2
1,6.0,36.0,88.0,6167.0,2760.0,132.0,109.0,2
0,34.0,62.0,90.0,9801.0,3513.0,280.0,193.0,2
1,12.0,51.0,117.0,6840.0,3664.0,179.0,154.0,2
0,20.0,4.0,73.0,3850.0,1848.0,116.0,72.0,2
1,34.0,44.0,90.0,7176.0,2841.0,197.0,102.0,2
1,51.0,15.0,76.0,8634.0,1979.0,195.0,73.0,2
1,12.0,35.0,78.0,5559.0,2455.0,133.0,84.0,2
1,3.0,28.0,84.0,4879.0,2400.0,123.0,86.0,2
1,49.0,20.0,107.0,11918.0,3494.0,211.0,129.0,2
1,64.0,146.0,92.0,24254.0,5471.0,952.0,248.0,3
1,70.0,102.0,77.0,19287.0,4248.0,716.0,182.0,3
1,54.0,88.0,78.0,12780.0,3545.0,743.0,175.0,3
0,51.0,72.0,72.0,12367.0,2561.0,705.0,186.0,3
1,55.0,97.0,92.0,20068.0,5444.0,715.0,214.0,3
1,90.0,99.0,93.0,19560.0,4390.0,1014.0,250.0,3
0,57.0,67.0,81.0,12985.0,3134.0,627.0,182.0,3
1,15.0,80.0,106.0,10008.0,3625.0,538.0,182.0,3
1,96.0,76.0,107.0,21265.0,5758.0,742.0,188.0,3
1,78.0,106.0,105.0,24382.0,5721.0,838.0,206.0,3
1,69.0,121.0,97.0,22438.0,6684.0,805.0,250.0,3
0,52.0,108.0,92.0,17591.0,6029.0,991.0,269.0,3
1,110.0,147.0,99.0,29734.0,7332.0,1033.0,229.0,3
0,60.0,99.0,66.0,19556.0,4913.0,840.0,217.0,3
1,77.0,106.0,94.0,23779.0,5749.0,910.0,222.0,3
1,52.0,89.0,82.0,17597.0,5164.0,691.0,157.0,3
0,72.0,140.0,82.0,24985.0,6816.0,1079.0,245.0,3
0,42.0,109.0,87.0,14299.0,4614.0,823.0,237.0,3
0,75.0,97.0,78.0,16889.0,4519.0,815.0,225.0,3
0,56.0,89.0,85.0,15594.0,4348.0,831.0,221.0,3
0,75.0,100.0,92.0,21637.0,5279.0,837.0,211.0,3
0,72.0,76.0,88.0,14332.0,3945.0,845.0,206.0,3
0,66.0,85.0,89.0,16643.0,4715.0,865.0,202.0,3
0,64.0,99.0,97.0,18219.0,5171.0,832.0,243.0,3
1,85.0,86.0,91.0,22949.0,5285.0,799.0,192.0,3
0,30.0,94.0,90.0,13946.0,4467.0,576.0,210.0,3
0,80.0,118.0,85.0,22023.0,5113.0,1247.0,302.0,3
0,63.0,71.0,87.0,16293.0,4462.0,711.0,157.0,3
1,51.0,129.0,79.0,19032.0,5311.0,861.0,225.0,3
0,70.0,85.0,93.0,17576.0,3973.0,823.0,187.0,3
1,87.0,111.0,107.0,26058.0,7259.0,936.0,222.0,3
0,114.0,76.0,86.0,28063.0,5569.0,991.0,240.0,3
0,69.0,105.0,92.0,19691.0,4925.0,796.0,205.0,3
0,55.0,95.0,99.0,19603.0,5498.0,867.0,222.0,3
0,83.0,120.0,92.0,20824.0,5586.0,1061.0,231.0,3
1,66.0,87.0,98.0,22103.0,5329.0,738.0,162.0,3
0,70.0,98.0,88.0,19659.0,4535.0,811.0,183.0,3
0,76.0,103.0,102.0,23199.0,6463.0,888.0,237.0,3
1,39.0,87.0,101.0,16526.0,4404.0,607.0,174.0,3
1,29.0,75.0,77.0,10451.0,3445.0,438.0,155.0,3
1,72.0,112.0,99.0,21939.0,5644.0,886.0,198.0,3
1,86.0,90.0,77.0,19518.0,4376.0,838.0,215.0,3
1,88.0,119.0,101.0,24005.0,6052.0,960.0,235.0,3
0,80.0,98.0,89.0,19055.0,4572.0,884.0,205.0,3
1,77.0,74.0,100.0,16706.0,4558.0,766.0,179.0,3
0,60.0,124.0,93.0,18414.0,4817.0,1014.0,240.0,3
0,68.0,113.0,91.0,19554.0,5127.0,888.0,253.0,3
1,54.0,77.0,94.0,13848.0,4363.0,701.0,187.0,3
1,69.0,121.0,124.0,23917.0,6160.0,989.0,266.0,3
1,96.0,70.0,92.0,24104.0,5429.0,734.0,187.0,3
0,54.0,82.0,70.0,16622.0,4271.0,724.0,160.0,3
1,69.0,81.0,91.0,19164.0,4163.0,799.0,178.0,3
0,90.0,128.0,96.0,27350.0,5973.0,1176.0,287.0,3
1,74.0,109.0,82.0,22656.0,6129.0,792.0,200.0,3
1,61.0,87.0,74.0,17972.0,4082.0,714.0,166.0,3
1,53.0,87.0,92.0,14785.0,4871.0,695.0,182.0,3
1,46.0,143.0,59.0,19073.0,4891.0,817.0,175.0,3
1,90.0,109.0,102.0,23505.0,4867.0,990.0,245.0,3
0,106.0,95.0,100.0,23960.0,5874.0,1019.0,228.0,3
0,82.0,70.0,99.0,20246.0,4842.0,945.0,199.0,3
0,68.0,97.0,95.0,21758.0,5172.0,1164.0,233.0,3
1,53.0,84.0,85.0,16327.0,4221.0,575.0,139.0,3
0,68.0,91.0,85.0,18569.0,4179.0,971.0,225.0,3
0,83.0,108.0,116.0,21474.0,5610.0,1074.0,285.0,3
1,84.0,112.0,80.0,17402.0,4594.0,905.0,209.0,3
1,73.0,98.0,85.0,15784.0,4054.0,735.0,183.0,3
1,67.0,82.0,77.0,14590.0,4002.0,768.0,183.0,3
1,90.0,89.0,98.0,22216.0,5162.0,878.0,238.0,3
1,52.0,78.0,103.0,17285.0,4968.0,521.0,157.0,3
0,62.0,74.0,97.0,17476.0,4481.0,799.0,187.0,3
1,55.0,100.0,62.0,15172.0,3464.0,633.0,135.0,3
1,57.0,147.0,108.0,21295.0,6877.0,863.0,240.0,3
1,70.0,123.0,87.0,17423.0,5082.0,905.0,217.0,3
0,91.0,80.0,79.0,20443.0,4456.0,867.0,169.0,3
1,58.0,90.0,95.0,18936.0,5057.0,809.0,196.0,3
1,84.0,105.0,106.0,21843.0,5640.0,876.0,226.0,3
1,56.0,131.0,84.0,20422.0,5699.0,802.0,221.0,3
0,79.0,112.0,78.0,22449.0,5521.0,848.0,228.0,3
1,35.0,65.0,91.0,10463.0,3396.0,523.0,124.0,3
1,37.0,80.0,95.0,13030.0,3857.0,504.0,164.0,3
1,66.0,70.0,97.0,14491.0,3563.0,731.0,175.0,3
0,90.0,97.0,92.0,19048.0,5074.0,943.0,230.0,3
1,106.0,120.0,105.0,25506.0,5735.0,1049.0,231.0,3
1,26.0,103.0,62.0,16258.0,4104.0,568.0,162.0,3
0,70.0,145.0,84.0,26204.0,6421.0,1306.0,297.0,3
1,101.0,114.0,83.0,25917.0,5595.0,892.0,191.0,3
0,72.0,131.0,84.0,21841.0,6153.0,1075.0,256.0,3
1,50.0,112.0,99.0,19981.0,5012.0,772.0,192.0,3
0,89.0,87.0,73.0,21329.0,4483.0,932.0,199.0,3
1,107.0,127.0,90.0,26420.0,5700.0,1191.0,268.0,3
1,78.0,110.0,109.0,23640.0,6767.0,836.0,251.0,3
1,84.0,75.0,89.0,17767.0,4444.0,821.0,200.0,3
1,53.0,105.0,124.0,19059.0,5850.0,786.0,188.0,3
1,40.0,113.0,98.0,15839.0,5350.0,638.0,193.0,3
0,66.0,86.0,89.0,18805.0,4504.0,873.0,237.0,3
0,49.0,146.0,91.0,17943.0,4590.0,867.0,278.0,3
1,41.0,120.0,97.0,18814.0,6016.0,716.0,225.0,3
1,46.0,97.0,93.0,16985.0,4586.0,724.0,213.0,3
0,72.0,112.0,82.0,20980.0,5026.0,981.0,257.0,3
0,82.0,109.0,76.0,19738.0,5415.0,874.0,229.0,3
1,54.0,101.0,73.0,16204.0,3839.0,635.0,150.0,3
1,62.0,89.0,95.0,18751.0,5347.0,706.0,186.0,3
0,76.0,104.0,91.0,23532.0,6461.0,941.0,284.0,3
0,68.0,104.0,85.0,16185.0,4208.0,825.0,233.0,3
0,27.0,66.0,105.0,10430.0,3156.0,554.0,161.0,3
1,56.0,98.0,102.0,19410.0,6040.0,797.0,239.0,3
0,25.0,147.0,88.0,15690.0,4927.0,792.0,288.0,3
1,75.0,85.0,100.0,21421.0,4906.0,698.0,177.0,3
0,47.0,99.0,83.0,17270.0,4787.0,889.0,223.0,3
0,55.0,72.0,68.0,17720.0,3749.0,568.0,134.0,3
1,77.0,137.0,83.0,23350.0,5380.0,892.0,208.0,3
1,45.0,95.0,93.0,15208.0,4548.0,600.0,158.0,3
1,68.0,63.0,93.0,19927.0,5054.0,679.0,165.0,3
1,27.0,71.0,81.0,9331.0,3015.0,378.0,104.0,3
1,67.0,71.0,88.0,19146.0,4386.0,645.0,145.0,3
1,37.0,94.0,91.0,18715.0,5525.0,571.0,165.0,3
1,73.0,82.0,85.0,17380.0,3909.0,616.0,153.0,3
0,96.0,77.0,100.0,24791.0,5639.0,975.0,194.0,3
0,51.0,86.0,88.0,18218.0,4766.0,756.0,187.0,3
1,82.0,95.0,87.0,21677.0,4945.0,847.0,223.0,3
0,60.0,71.0,113.0,16001.0,4558.0,737.0,218.0,3
1,80.0,92.0,64.0,21683.0,4570.0,670.0,147.0,3
1,80.0,79.0,95.0,20756.0,5549.0,746.0,200.0,3
0,66.0,94.0,73.0,18773.0,4055.0,667.0,168.0,3
1,88.0,113.0,87.0,27464.0,5298.0,919.0,217.0,3
0,82.0,123.0,77.0,25448.0,6110.0,1114.0,271.0,3
1,52.0,129.0,95.0,23808.0,5823.0,825.0,221.0,3
0,70.0,76.0,108.0,20728.0,5562.0,900.0,249.0,3
0,111.0,102.0,80.0,23497.0,4886.0,1178.0,261.0,3
1,53.0,96.0,97.0,15548.0,4407.0,680.0,172.0,3
1,40.0,136.0,107.0,18556.0,5780.0,796.0,251.0,3
0,73.0,105.0,110.0,19756.0,4926.0,1093.0,285.0,3
1,73.0,118.0,75.0,25085.0,5378.0,835.0,219.0,3
1,100.0,114.0,101.0,23005.0,6188.0,1028.0,238.0,3
0,135.0,108.0,99.0,33049.0,6148.0,1467.0,286.0,3
1,70.0,94.0,98.0,21345.0,5744.0,631.0,181.0,3
1,77.0,90.0,79.0,18582.0,4647.0,774.0,167.0,3
0,52.0,75.0,91.0,18051.0,4787.0,672.0,208.0,3
1,92.0,90.0,78.0,21739.0,5000.0,806.0,169.0,3
1,31.0,104.0,94.0,15169.0,3577.0,611.0,165.0,3
1,62.0,94.0,104.0,20614.0,5557.0,767.0,179.0,3
1,58.0,114.0,92.0,17057.0,4769.0,803.0,211.0,3
1,65.0,123.0,71.0,21314.0,5097.0,674.0,181.0,3
0,81.0,130.0,71.0,22042.0,4883.0,930.0,210.0,3
1,85.0,105.0,73.0,20519.0,4688.0,863.0,164.0,3
0,82.0,99.0,89.0,17940.0,5101.0,985.0,202.0,3
1,95.0,95.0,83.0,20167.0,5526.0,1019.0,203.0,3
0,37.0,96.0,97.0,14106.0,4982.0,876.0,236.0,3
0,54.0,79.0,95.0,16541.0,4630.0,686.0,200.0,3
0,61.0,107.0,93.0,19011.0,5358.0,864.0,213.0,3
1,69.0,96.0,97.0,19086.0,4512.0,851.0,152.0,3
0,96.0,76.0,100.0,26087.0,5576.0,1055.0,270.0,3
0,86.0,83.0,97.0,16716.0,5137.0,1036.0,199.0,3
1,71.0,123.0,73.0,18912.0,5326.0,892.0,210.0,3
1,72.0,85.0,94.0,19537.0,5809.0,685.0,181.0,3
0,58.0,105.0,88.0,19015.0,4950.0,828.0,240.0,3
1,62.0,94.0,89.0,20794.0,5291.0,663.0,155.0,3
0,91.0,104.0,90.0,18617.0,4374.0,963.0,209.0,3
0,52.0,112.0,86.0,18515.0,5356.0,816.0,214.0,3
1,45.0,101.0,80.0,14130.0,4241.0,587.0,160.0,3
0,41.0,119.0,69.0,15746.0,4520.0,748.0,177.0,3
1,48.0,91.0,75.0,18024.0,4227.0,642.0,150.0,3
1,94.0,90.0,120.0,24688.0,5582.0,738.0,226.0,3
1,49.0,93.0,84.0,14599.0,4505.0,624.0,172.0,3
0,24.0,74.0,85.0,9404.0,3469.0,540.0,148.0,3
1,67.0,143.0,64.0,22675.0,5410.0,963.0,201.0,3
1,52.0,80.0,109.0,16198.0,5258.0,695.0,189.0,3
0,64.0,131.0,77.0,21731.0,4912.0,909.0,214.0,3
0,71.0,97.0,60.0,17295.0,4247.0,877.0,201.0,3
0,71.0,90.0,91.0,19419.0,5603.0,859.0,250.0,3
1,77.0,102.0,72.0,22240.0,4171.0,873.0,217.0,3
1,49.0,113.0,87.0,18165.0,4562.0,744.0,175.0,3
0,82.0,102.0,105.0,18370.0,5354.0,970.0,242.0,3
1,83.0,101.0,101.0,22538.0,5182.0,798.0,200.0,3
1,72.0,138.0,94.0,21552.0,5884.0,871.0,217.0,3
1,92.0,90.0,78.0,18217.0,4440.0,949.0,191.0,3
0,67.0,77.0,95.0,18932.0,5572.0,787.0,220.0,3
0,60.0,117.0,112.0,21353.0,5920.0,958.0,262.0,3
0,56.0,123.0,94.0,18926.0,6059.0,693.0,246.0,3
1,56.0,105.0,68.0,15663.0,4528.0,539.0,140.0,3
1,101.0,144.0,90.0,30111.0,6832.0,1098.0,255.0,3
1,71.0,102.0,89.0,18932.0,5687.0,801.0,188.0,3
0,47.0,92.0,110.0,18364.0,5452.0,851.0,239.0,3
0,63.0,63.0,89.0,17910.0,4216.0,657.0,196.0,3
0,48.0,126.0,92.0,19029.0,5276.0,777.0,206.0,3
1,55.0,141.0,86.0,20997.0,5169.0,751.0,215.0,3
0,101.0,96.0,109.0,24721.0,6382.0,994.0,228.0,3
1,46.0,114.0,110.0,19561.0,4826.0,635.0,236.0,3
1,20.0,88.0,82.0,12014.0,4077.0,455.0,148.0,3
0,73.0,130.0,99.0,21735.0,4461.0,1069.0,247.0,3
0,72.0,68.0,96.0,14036.0,4612.0,905.0,190.0,3
0,63.0,64.0,77.0,15716.0,3749.0,783.0,181.0,3
1,82.0,75.0,91.0,17879.0,4000.0,719.0,155.0,3
1,74.0,105.0,117.0,23271.0,6289.0,752.0,229.0,3
0,29.0,124.0,95.0,15906.0,4478.0,780.0,236.0,3
0,69.0,80.0,122.0,19091.0,5517.0,888.0,199.0,3
1,45.0,97.0,105.0,16901.0,4626.0,624.0,179.0,3
0,62.0,147.0,79.0,23379.0,5865.0,1048.0,242.0,3
0,57.0,94.0,79.0,15466.0,4160.0,897.0,227.0,3
0,50.0,123.0,104.0,19641.0,5437.0,900.0,229.0,3
0,57.0,42.0,118.0,14513.0,4256.0,325.0,170.0,4
0,71.0,13.0,102.0,14434.0,3515.0,244.0,132.0,4
1,27.0,14.0,67.0,4783.0,1713.0,97.0,57.0,4
1,74.0,6.0,115.0,13503.0,3533.0,298.0,155.0,4
1,95.0,42.0,73.0,16596.0,3151.0,317.0,150.0,4
1,95.0,45.0,144.0,21305.0,6025.0,347.0,173.0,4
1,58.0,19.0,32.0,7358.0,1076.0,158.0,57.0,4
0,35.0,76.0,85.0,12822.0,4033.0,315.0,192.0,4
0,63.0,76.0,138.0,20273.0,5944.0,385.0,220.0,4
1,68.0,71.0,86.0,16346.0,4579.0,338.0,163.0,4
0,70.0,53.0,91.0,17308.0,3622.0,313.0,140.0,4
1,74.0,42.0,43.0,13627.0,2405.0,214.0,75.0,4
1,24.0,58.0,84.0,6967.0,3158.0,201.0,151.0,4
0,104.0,2.0,113.0,18379.0,3699.0,398.0,181.0,4
1,16.0,45.0,129.0,8871.0,3871.0,205.0,160.0,4
1,64.0,22.0,74.0,11768.0,3071.0,228.0,98.0,4
0,44.0,22.0,47.0,8102.0,1703.0,179.0,74.0,4
0,78.0,30.0,120.0,17231.0,4676.0,372.0,181.0,4
1,53.0,15.0,81.0,9866.0,2537.0,212.0,112.0,4
1,46.0,28.0,102.0,9711.0,2482.0,194.0,120.0,4
0,46.0,41.0,29.0,9007.0,1592.0,219.0,86.0,4
1,24.0,34.0,72.0,6305.0,2337.0,130.0,101.0,4
0,47.0,35.0,33.0,7499.0,1569.0,205.0,66.0,4
1,56.0,53.0,79.0,13845.0,3710.0,254.0,148.0,4
1,63.0,39.0,68.0,12481.0,2676.0,218.0,97.0,4
0,100.0,37.0,172.0,21351.0,5827.0,543.0,309.0,4
1,91.0,26.0,81.0,16458.0,3557.0,334.0,122.0,4
1,53.0,32.0,73.0,10576.0,2952.0,194.0,90.0,4
1,27.0,16.0,64.0,4340.0,1521.0,107.0,71.0,4
0,15.0,44.0,90.0,6044.0,2568.0,160.0,115.0,4
0,21.0,76.0,36.0,7736.0,2387.0,224.0,110.0,4
0,35.0,28.0,71.0,7346.0,2113.0,214.0,94.0,4
0,48.0,43.0,65.0,11879.0,2591.0,255.0,113.0,4
0,61.0,57.0,153.0,15648.0,5236.0,422.0,234.0,4
1,72.0,42.0,100.0,15268.0,3999.0,277.0,161.0,4
1,63.0,55.0,128.0,14404.0,4339.0,329.0,184.0,4
1,52.0,34.0,44.0,7622.0,1794.0,161.0,69.0,4
0,27.0,66.0,54.0,9008.0,2896.0,251.0,136.0,4
0,42.0,64.0,106.0,14738.0,4537.0,334.0,197.0,4
1,58.0,13.0,161.0,13482.0,4814.0,244.0,169.0,4
0,74.0,57.0,23.0,14432.0,2573.0,224.0,86.0,4
1,36.0,13.0,137.0,9036.0,3351.0,197.0,136.0,4
1,64.0,62.0,36.0,12482.0,1919.0,251.0,91.0,4
0,88.0,34.0,114.0,16133.0,4617.0,380.0,179.0,4
0,60.0,61.0,38.0,14771.0,2866.0,316.0,128.0,4
0,65.0,43.0,67.0,16021.0,3293.0,318.0,131.0,4
0,35.0,40.0,57.0,8297.0,1989.0,201.0,102.0,4
0,59.0,46.0,60.0,11891.0,3112.0,284.0,123.0,4
1,97.0,118.0,47.0,25154.0,4949.0,501.0,195.0,4
1,64.0,41.0,92.0,14245.0,3130.0,257.0,127.0,4
1,74.0,5.0,10.0,10996.0,994.0,201.0,37.0,4
1,71.0,40.0,118.0,17898.0,4008.0,315.0,134.0,4
1,48.0,51.0,53.0,12254.0,2612.0,213.0,102.0,4
0,62.0,21.0,47.0,9127.0,1935.0,234.0,79.0,4
0,21.0,9.0,84.0,3879.0,2004.0,127.0,99.0,4
1,88.0,41.0,63.0,15537.0,2613.0,311.0,110.0,4
0,64.0,1.0,124.0,12589.0,4102.0,267.0,162.0,4
0,87.0,65.0,10.0,18081.0,2777.0,349.0,87.0,4
1,65.0,60.0,54.0,16116.0,3396.0,321.0,129.0,4
1,51.0,57.0,108.0,14681.0,3930.0,233.0,133.0,4
1,39.0,49.0,54.0,10050.0,2543.0,186.0,97.0,4
1,61.0,28.0,130.0,14049.0,3995.0,260.0,133.0,4
0,75.0,27.0,91.0,11736.0,2687.0,364.0,150.0,4
1,111.0,100.0,84.0,27193.0,5792.0,548.0,221.0,4
1,62.0,17.0,21.0,7307.0,920.0,192.0,46.0,4
1,53.0,27.0,90.0,11773.0,2738.0,228.0,112.0,4
1,42.0,12.0,147.0,11774.0,3974.0,206.0,153.0,4
1,69.0,55.0,76.0,15472.0,3410.0,268.0,122.0,4
0,28.0,68.0,82.0,10176.0,3208.0,238.0,152.0,4
0,69.0,53.0,123.0,15094.0,5022.0,424.0,210.0,4
0,59.0,1.0,110.0,9897.0,2934.0,264.0,163.0,4
0,27.0,80.0,89.0,10752.0,3694.0,317.0,182.0,4
0,68.0,31.0,65.0,10905.0,2186.0,254.0,115.0,4
0,80.0,16.0,106.0,13348.0,3570.0,375.0,164.0,4
1,96.0,49.0,97.0,21837.0,4883.0,397.0,164.0,4
1,38.0,75.0,86.0,12476.0,3160.0,297.0,154.0,4
1,44.0,25.0,97.0,11890.0,3370.0,198.0,99.0,4
1,4.0,14.0,73.0,2945.0,1676.0,74.0,63.0,4
1,29.0,39.0,104.0,8678.0,2740.0,189.0,140.0,4
1,54.0,48.0,44.0,10753.0,2267.0,237.0,105.0,4
0,48.0,53.0,78.0,11161.0,2852.0,329.0,147.0,4
1,69.0,41.0,97.0,16584.0,3947.0,292.0,129.0,4
0,79.0,71.0,121.0,18510.0,5029.0,439.0,250.0,4
0,63.0,1.0,87.0,11413.0,3281.0,273.0,146.0,4
1,67.0,25.0,101.0,14878.0,3952.0,237.0,127.0,4
1,53.0,23.0,95.0,10844.0,3022.0,210.0,121.0,4
0,106.0,25.0,75.0,19190.0,3260.0,376.0,159.0,4
0,44.0,58.0,52.0,10634.0,2241.0,228.0,108.0,4
0,31.0,8.0,136.0,7743.0,3454.0,208.0,162.0,4
0,53.0,37.0,64.0,10505.0,2319.0,271.0,131.0,4
0,29.0,82.0,63.0,10865.0,3514.0,293.0,162.0,4
1,29.0,36.0,58.0,5809.0,1748.0,148.0,81.0,4
1,57.0,119.0,104.0,19611.0,5121.0,385.0,230.0,4
1,63.0,55.0,34.0,11759.0,1866.0,250.0,90.0,4
1,45.0,35.0,44.0,8026.0,1776.0,197.0,77.0,4
1,60.0,39.0,109.0,12510.0,3555.0,290.0,159.0,4
1,82.0,53.0,111.0,18195.0,4259.0,355.0,162.0,4
0,70.0,45.0,92.0,14938.0,3330.0,363.0,188.0,4
0,35.0,21.0,105.0,7086.0,2726.0,230.0,148.0,4
1,69.0,11.0,73.0,12760.0,2310.0,207.0,78.0,4
0,74.0,8.0,42.0,10468.0,1848.0,302.0,96.0,4
0,44.0,48.0,110.0,12046.0,3778.0,289.0,183.0,4
0,90.0,39.0,111.0,19720.0,4826.0,440.0,203.0,4
1,45.0,27.0,23.0,7448.0,1176.0,133.0,37.0,4
0,88.0,73.0,50.0,20908.0,3735.0,367.0,161.0,4
1,67.0,66.0,86.0,16559.0,4047.0,363.0,172.0,4
0,82.0,34.0,74.0,16120.0,3523.0,345.0,137.0,4
0,11.0,60.0,89.0,8017.0,3458.0,206.0,149.0,4
0,104.0,22.0,12.0,15212.0,1880.0,317.0,71.0,4
0,36.0,3.0,83.0,6747.0,1830.0,169.0,100.0,4
1,55.0,22.0,84.0,12055.0,2796.0,224.0,111.0,4
0,85.0,44.0,118.0,16513.0,4150.0,417.0,189.0,4
0,61.0,45.0,66.0,12109.0,2213.0,321.0,125.0,4
1,53.0,19.0,62.0,8598.0,2415.0,149.0,89.0,4
1,66.0,32.0,43.0,10707.0,2221.0,244.0,91.0,4
0,73.0,39.0,17.0,12687.0,1733.0,328.0,93.0,4
1,44.0,27.0,105.0,9778.0,3518.0,218.0,146.0,4
1,77.0,61.0,76.0,19256.0,3916.0,347.0,146.0,4
0,98.0,33.0,145.0,22890.0,5169.0,481.0,257.0,4
1,74.0,30.0,99.0,16093.0,3813.0,354.0,146.0,4
1,78.0,91.0,77.0,22194.0,4738.0,401.0,167.0,4
1,98.0,2.0,118.0,17468.0,3990.0,315.0,156.0,4
0,100.0,49.0,126.0,24261.0,5315.0,505.0,221.0,4
0,34.0,8.0,51.0,5104.0,1102.0,140.0,66.0,4
0,99.0,31.0,126.0,20641.0,4830.0,458.0,223.0,4
1,61.0,12.0,58.0,10017.0,2121.0,177.0,69.0,4
1,82.0,50.0,161.0,18027.0,6329.0,400.0,247.0,4
0,55.0,78.0,53.0,14097.0,3537.0,308.0,142.0,4
0,110.0,18.0,48.0,15842.0,2484.0,425.0,121.0,4
1,79.0,53.0,97.0,20381.0,5099.0,365.0,133.0,4
1,85.0,78.0,191.0,23684.0,7073.0,466.0,274.0,4
1,67.0,83.0,3.0,12772.0,2576.0,275.0,94.0,4
0,77.0,10.0,42.0,11720.0,1993.0,224.0,70.0,4
1,73.0,64.0,5.0,14362.0,2574.0,281.0,101.0,4
0,59.0,59.0,40.0,12623.0,2708.0,298.0,125.0,4
1,79.0,56.0,76.0,14557.0,3346.0,359.0,130.0,4
0,51.0,16.0,74.0,9620.0,2656.0,224.0,114.0,4
0,83.0,39.0,93.0,13721.0,3092.0,372.0,182.0,4
0,94.0,15.0,72.0,15606.0,2608.0,332.0,135.0,4
1,41.0,45.0,110.0,13054.0,3751.0,241.0,142.0,4
1,60.0,69.0,66.0,13691.0,3487.0,227.0,92.0,4
0,97.0,41.0,55.0,21127.0,3436.0,368.0,138.0,4
1,42.0,6.0,195.0,11505.0,5317.0,238.0,213.0,4
0,52.0,6.0,131.0,9483.0,3580.0,302.0,186.0,4
0,44.0,8.0,41.0,6580.0,1356.0,160.0,59.0,4
0,51.0,36.0,70.0,10920.0,2938.0,252.0,143.0,4
1,91.0,23.0,49.0,13030.0,2166.0,281.0,92.0,4
0,53.0,53.0,122.0,12953.0,3973.0,331.0,187.0,4
1,50.0,49.0,47.0,11016.0,2287.0,268.0,114.0,4
0,65.0,45.0,51.0,13398.0,2799.0,323.0,139.0,4
0,54.0,54.0,38.0,11350.0,1936.0,210.0,81.0,4
0,24.0,59.0,109.0,11361.0,4288.0,254.0,185.0,4
1,61.0,53.0,89.0,14271.0,3193.0,286.0,156.0,4
0,50.0,8.0,105.0,11095.0,3224.0,233.0,130.0,4
1,68.0,46.0,74.0,13983.0,3307.0,230.0,129.0,4
1,56.0,32.0,93.0,10414.0,2919.0,253.0,131.0,4
0,51.0,36.0,42.0,9773.0,2224.0,198.0,83.0,4
1,57.0,37.0,88.0,13677.0,3079.0,277.0,140.0,4
1,64.0,29.0,204.0,18004.0,5983.0,360.0,241.0,4
0,46.0,18.0,133.0,10598.0,3526.0,283.0,186.0,4
0,49.0,4.0,92.0,8184.0,2741.0,213.0,148.0,4
0,52.0,10.0,107.0,8973.0,2713.0,259.0,152.0,4
1,54.0,110.0,112.0,19696.0,6048.0,403.0,216.0,4
0,64.0,24.0,104.0,13094.0,3324.0,330.0,176.0,4
1,37.0,27.0,86.0,6081.0,2273.0,191.0,121.0,4
1,43.0,2.0,95.0,7197.0,2320.0,186.0,116.0,4
1,51.0,81.0,125.0,16943.0,4879.0,364.0,216.0,4
0,46.0,12.0,120.0,11386.0,3756.0,214.0,142.0,4
1,109.0,1.0,79.0,18715.0,3505.0,364.0,125.0,4
0,67.0,39.0,123.0,15537.0,4676.0,349.0,197.0,4
0,51.0,7.0,98.0,10282.0,2954.0,261.0,154.0,4
0,70.0,31.0,23.0,11617.0,1571.0,247.0,73.0,4
0,84.0,73.0,39.0,18052.0,3165.0,411.0,143.0,4
0,86.0,62.0,67.0,17480.0,3922.0,395.0,168.0,4
0,102.0,47.0,141.0,24239.0,6282.0,478.0,246.0,4
0,36.0,15.0,140.0,10210.0,3764.0,235.0,181.0,4
0,65.0,49.0,118.0,14977.0,4312.0,283.0,189.0,4
1,31.0,88.0,115.0,12724.0,4533.0,294.0,212.0,4
0,91.0,47.0,85.0,22126.0,4374.0,371.0,128.0,4
1,72.0,4.0,72.0,12318.0,2697.0,223.0,95.0,4
1,40.0,38.0,28.0,4898.0,1228.0,165.0,69.0,4
1,77.0,36.0,100.0,17992.0,3833.0,350.0,163.0,4
1,66.0,83.0,101.0,18232.0,4082.0,408.0,205.0,4
1,21.0,35.0,116.0,7341.0,2895.0,202.0,166.0,4
1,35.0,42.0,62.0,7983.0,2514.0,155.0,79.0,4
1,71.0,30.0,56.0,10867.0,2262.0,238.0,107.0,4
1,74.0,82.0,111.0,19264.0,5131.0,415.0,208.0,4
0,63.0,84.0,101.0,19141.0,5035.0,348.0,206.0,4
0,92.0,21.0,43.0,12608.0,1865.0,352.0,112.0,4
1,76.0,59.0,92.0,17392.0,3996.0,345.0,146.0,4
0,49.0,52.0,131.0,12412.0,3835.0,284.0,202.0,4
1,61.0,12.0,11.0,7018.0,1033.0,185.0,39.0,4
0,64.0,39.0,76.0,12581.0,3041.0,318.0,135.0,4
0,110.0,102.0,96.0,29467.0,6389.0,641.0,307.0,4
1,36.0,48.0,115.0,11650.0,3967.0,224.0,134.0,4
1,64.0,115.0,73.0,18920.0,4359.0,368.0,181.0,4
1,41.0,71.0,116.0,11999.0,4409.0,260.0,180.0,4
0,44.0,16.0,68.0,7234.0,2221.0,226.0,117.0,4
1,53.0,16.0,48.0,9363.0,1999.0,203.0,76.0,4
1,92.0,71.0,122.0,23077.0,6117.0,413.0,214.0,4
