X1,X2,X3,Y,E
2.304717079754431,-0.3888838515003792,-0.7039928626103755,1,0
0.9600158937595045,-3.222374312539903,0.1669632772039884,1,0
2.7504511958064572,-1.750963877693058,0.44227111250478524,1,0
2.940564716391214,-0.17870114918689128,0.5916113727452736,1,0
0.048964811346163595,-3.6517591481792673,1.038581122980917,1,0
0.6978204931376819,-4.281069206845832,-0.3117463308224471,0,0
2.1278404031672853,-2.4236066064608384,2.049339610543407,1,0
1.683757407656418,-3.5205884128554112,-0.6760173056813688,0,0
1.9831988424957112,-2.187398712246355,-0.862317959475543,0,0
1.1469560724264198,-1.7583402801791619,1.4788755385204615,1,0
2.8793979748628287,-3.774962059642128,-0.5356420699261193,1,0
2.777791935428948,-1.4845895970991891,1.3896917053200022,1,0
2.066030697561216,-2.5775388873556504,1.1025531837262668,1,0
3.1272412069680326,-0.7255527830587609,0.8525575100818326,1,0
2.4675093422520455,-2.62758753643692,2.5882761071492624,1,0
1.1407075371167616,-2.636615283102236,0.37779255470528206,1,0
2.368750784082499,-1.4588683891954686,3.0602981705240784,1,0
1.041117399171001,-1.2370735176630634,0.7745685507719007,1,0
2.8784503013072724,-1.5519006360637964,-0.27701644497022815,1,0
1.9500740890137471,-3.6855973173848082,1.0699195809948252,1,0
1.8151376364547394,-1.461965560071749,-0.07624520031876814,1,0
1.3190704555960586,-4.034308051674399,-0.7517558478135002,0,0
3.2225413386740303,-1.7647238884117364,1.397033300015491,1,0
1.8454705179311979,-3.4237344353990604,1.5555820886501248,1,0
1.5716721778368927,-1.5536778524569363,0.37783229974574184,1,0
1.6478664495117705,-2.8065989043073727,1.9874051450464005,1,0
2.532309185553349,-3.2826346502605217,2.1575077580211337,1,0
2.365444064364078,-2.2861798635176003,1.436301756563291,0,0
2.412732611595988,-1.7583554783232487,1.5294134071257222,1,0
2.4308210030078827,-3.613976801392897,1.3634287120856987,0,0
4.141647600870462,-0.5488211509789358,-0.8807984279740577,1,0
1.5935849836153844,-2.4406524215697423,0.6820934513715374,1,0
1.4877572709284625,-1.9678923260290653,0.1329947436765737,1,0
1.1862272717521223,-2.731086552321399,0.11922586112739209,0,0
2.6159794225754958,-3.6196659341286135,-0.5714492191967373,0,0
3.1289722927208916,-1.5288637066000708,0.8338421580502676,1,0
1.8860525423451249,-2.5334523471647246,2.882174880204049,1,0
1.159843523037472,-2.411638322216209,0.8302802035796217,1,0
1.1755187843087604,-0.6373573601966589,1.413792317190214,1,0
2.650592787824701,-3.040586052512433,0.7677306700757648,1,0
2.7432541712034424,-4.41278033092949,1.0757132879568336,1,0
2.543154268305195,-0.38906300498810564,1.0060166804360715,1,0
1.3344902927113056,0.549327952607003,1.4483240659731595,1,0
2.2321613230667197,-2.405269265449332,2.1653075355471767,1,0
2.116685809140728,-3.9368380406201853,2.6473939976033294,1,0
2.218688596729013,-2.3104839761959437,1.3096200819091668,1,0
2.8714287779481897,-2.286222949840669,1.5895468860356021,1,0
2.223595548774682,-2.189923841022257,-0.15086450918556693,1,0
2.678913563071895,-3.1133880419218483,0.9121232575843794,1,0
2.0675790694888914,-1.4204388575235227,1.9402894648835889,1,0
2.289119398689984,-1.475492624713914,1.8659686384171532,1,0
2.6312882258385404,-3.4944056198193065,1.2116097327950501,1,0
0.5428441801443336,-2.300803268305112,0.8863939595679524,0,0
1.6803287836426986,0.052684981945890996,1.4907667089938188,1,0
1.5296273457072045,-1.8280396675629402,2.200306258259322,1,0
1.361122151756658,-2.337325162068506,1.289359156957111,1,0
1.7248577487733163,-2.1420032144075214,0.6443016844289653,1,0
3.494941311234396,-1.3847432330314389,1.3358412569330236,1,0
1.1341688843067568,-4.730671605507219,-2.9305943758527757,0,0
2.968278354591481,-1.8356092970226978,1.3828857363850495,1,0
0.31713022838419525,-2.39046394946281,-2.6484128252147836,1,0
1.6651149700142251,-0.1521749870439546,-0.723463407405418,1,0
2.1627530651050058,-2.1741727338049577,1.451768600940984,1,0
2.586222331359278,-0.3321123888804802,1.4775293372667953,1,0
2.711226579792855,-3.1037406977820075,-0.16242878013993045,1,0
2.793347235199925,-1.4127408331972078,0.2878979581210612,1,0
1.6512749277515624,-1.6805997362087712,2.370540988614132,1,0
1.5376482073354327,-2.869047247864782,0.5159698684273238,1,0
2.857975881257154,-1.8226038853630595,3.242920312402985,1,0
1.8086956751183851,-1.7874811631683996,-0.001919853176346149,0,0
0.7243136766620781,-3.3237917042866005,0.4080361768812668,0,0
0.8667127859965194,-3.6919626491697635,2.6168743984986076,1,0
1.0805477139983886,-2.017562826477446,1.1310271161934196,1,0
2.497160744053764,-3.9024230947925127,-1.0023439806908012,0,0
2.142425736070565,-2.3423409386638823,0.8902725483057099,1,0
2.6904853540677682,-3.081587769685121,-0.03561073619009093,0,0
1.5727473536634657,-3.705652216015517,-0.3647416522015654,1,0
2.1585396910767143,-3.615658339320678,0.7441679286591767,1,0
2.625590393967337,-1.5179331644744747,0.2578079060025633,1,0
1.6906534602797616,-2.5227186961696804,1.9243577571874342,1,0
2.4567752375574115,-4.5647443418205675,1.0346118741852557,1,0
1.3380740589333486,-1.215155963391865,0.7172042508524299,1,0
1.6369461534349283,-1.72763024472576,0.8938180693774237,1,0
1.6182621060016709,-2.713874824036484,1.2231220184061662,1,0
0.8041603544109603,-4.3168302110582415,0.6168141996897798,0,0
2.4869724807855818,-1.1641921036856628,0.0002877713306186358,1,0
1.5305976597972761,-1.6506493774395703,-0.04158763262127185,1,0
2.0124941187276875,0.38260228268407337,2.10467921540253,1,0
2.480746658905909,-1.5798114012750626,0.5876631277952694,1,0
2.446531176029944,-1.6122968587379851,-0.4168420925968741,1,0
2.665385108972786,-2.166927930108565,1.4438127093831046,1,0
1.9015145154905764,-1.183224132799209,1.463369806032687,1,0
1.5767016879558462,-2.3749147987518464,-1.5307152572567064,0,0
1.920281789093601,-1.748274991434805,0.2294817154636063,0,0
0.31266556604197016,-2.521322918637285,1.7355830924283735,1,0
0.5528875275769127,-3.4354074729439623,0.37438645170626306,0,0
0.6773003876455976,-2.47910317091198,1.6319814837613953,1,0
1.0027531723985184,-2.209198278821011,-1.404269098090749,0,0
2.3997742267234368,-0.5016255597032679,1.3310401549961957,1,0
1.0945209446399393,-2.4588404931493004,0.6973802405295535,1,0
1.6218374459606104,-2.424773727793091,0.5172098412753552,1,0
3.2992282977860654,-1.6859227761302007,1.8705556094197267,1,0
1.643736028938574,-2.245761500012901,2.47927451067423,1,0
2.7375155684670864,-1.04794634686011,2.7943700546003587,1,0
1.066382319990123,-4.251777290619047,2.314807871505905,1,0
1.79456244213237,-2.826705046916895,0.8902658183698163,1,0
1.0499779450894189,-2.7824163339614456,1.352720163026343,1,0
1.6609669240994376,-5.320356012386145,0.7668228717842437,0,0
2.8403081374573955,-2.963638444368804,1.121177949299462,1,0
0.2726795768076513,-2.9151561158459263,1.1307641879115444,1,0
2.4344236435458573,-2.20110465451883,1.823753131876182,1,0
2.237735602332278,-0.8870341083397364,0.9407173539740677,1,0
1.4058500443032056,-2.2450606511907023,0.2707130636263385,1,0
0.5539421456115454,-4.030813720271154,-0.4144730658358585,0,0
2.0721295077138695,-2.056954541213529,1.6339103777337423,1,0
1.4705072909361976,-1.9508263785586506,0.002993291199955732,0,0
2.232676211354704,-2.975958816114905,1.340209976868338,1,0
2.021852145523443,-2.9105748839214485,1.6700792422021897,1,0
3.601778891320915,-1.4414510407257766,0.6251585371023904,1,0
1.7606443725269758,-2.2215361157308005,1.756248163629806,1,0
0.976502507378135,-1.3525153092905255,1.3788426034583945,1,0
2.179275634956316,-2.013646791795297,-0.23481308691147862,1,0
2.219996683971765,-1.298336351910433,2.4423047911862446,1,0
3.3591875752404365,-3.035078114040641,0.49925525624308387,1,0
2.8351112459145784,-2.0120846507882675,-0.6550953431851838,1,0
2.3568710591495092,-2.210690014363157,-0.04504370958630233,1,0
3.463302891219562,-3.215890924104131,-0.02104516067832196,1,0
0.8112369456771491,-3.563477947868688,1.0521733186575335,1,0
1.3602484672502522,-2.314250964725338,-0.2738505055462372,0,0
1.0734240585944752,-2.350952382217978,0.6631680323594071,1,0
1.610190196844232,-3.0222802816473298,1.619701965482479,1,0
0.6233138524436912,-2.0961789369233323,1.339875361192704,1,0
2.635150946814404,-0.8719811426506974,1.3160478706442862,1,0
1.7777773029012267,-4.280737845371923,1.4098284573286928,1,0
0.5291937054973421,-4.496638689903326,0.6161346680022383,0,0
0.9844209187924584,-2.9228864418952676,-1.107953341777443,1,0
2.3135138474501953,-0.5388211332796711,0.6355617477355389,1,0
2.8381265678943812,-1.7174130170807036,-1.180210064489474,1,0
3.9967308916917865,-1.2326827595387733,1.0360599267977955,1,0
4.91386246600733,-3.1401609191262305,0.9953670277756547,1,0
2.4144094332759964,-3.1195358752705262,2.0455322747896805,1,0
1.010461879968136,-1.5521862832772895,2.1876343927211206,1,0
-0.1320462807313092,-1.9417256690645535,1.2027750482523674,1,0
2.267711462343836,-1.4512611811358735,0.49963892260310017,1,0
1.187058904689674,-3.187670990928452,0.48516111254573785,0,0
1.5846427398203147,-1.721856273545373,0.4720823626756865,1,0
1.387903200940192,-1.8418809150948907,0.9986073485566511,1,0
1.8592091135836148,-1.2222326109150745,1.9861363169607678,1,0
3.065980230787644,-1.1929917180555294,0.4422286540105764,1,0
2.1570485674453446,-3.6198719943917697,1.805678639242501,1,0
1.8413651629613117,-5.247268555340856,0.6774013686923024,0,0
0.9643462471741884,-0.9982546023484928,0.04520818286917849,1,0
0.32531705529564303,-0.8122749067380635,1.973894128217401,1,0
1.5136920909266691,-3.0206230195133372,1.6985663453715052,1,0
1.9462174491816795,-3.8598354065456286,1.1019258873726574,1,0
3.767929913579883,-1.900965178992799,0.23767654197234778,1,0
2.1302745214728858,-1.0691617736494705,0.14079398142443,1,0
2.9827395110230577,-0.2024054775656854,0.46233742309697756,1,0
1.500704401460848,-1.4837024278985491,1.5425944632919601,1,0
0.8150562335829754,-2.371716696585695,0.04437483259860209,1,0
1.034883237767628,-2.893130621584863,1.43751224861987,1,0
1.2747739354642467,-1.9885487083293456,-0.24175552887839258,1,0
4.128469732435164,-2.2992647038852563,0.795931415561151,1,0
1.178613320775614,-3.015067905728816,1.1096477545740087,1,0
2.838489203736345,0.048755650863286704,3.4451301450589167,1,0
1.0970728219129735,-0.214831597927869,-0.3773156555203674,1,0
2.931573012874244,-0.8639513164445716,2.4720145664901336,1,0
2.384950966105863,-2.9208503978091276,1.14984241398728,1,0
1.8433621023419096,-1.1449806757027212,1.4111719180159632,1,0
1.959237473864566,-1.3603735905020982,1.1183479133882046,1,0
1.3452123045706097,-1.5574543757959471,1.444726818195233,1,0
2.4460722014820804,-0.7503347329562229,0.8463148956379822,1,0
1.54501651965922,-1.3646288571387226,2.4540501814574585,1,0
0.7743942362327518,-1.2599857636956644,0.5435288557752775,1,0
0.7220624256803807,-1.3630937166277899,2.1322345721792475,1,0
2.1725879177221197,-1.659208591997894,0.3556328797869771,1,0
3.579091256410435,-3.7836111297141835,0.939748153598713,1,0
2.159991613573438,-1.9163789225894428,-0.0719625522902192,1,0
1.8813616738901175,-2.556191958849125,1.45502372034752,1,0
2.285826139602543,-3.2798409576400207,2.4451259569265336,1,0
3.306001741706825,-0.31818338069917607,0.9226438201791459,1,0
2.219382501363856,-0.2710046591142965,0.8031143012960904,1,0
1.589072769166263,-0.640779399704388,-0.11461696306792679,1,0
3.106288710059889,-1.7447865831441254,0.7707073464476919,1,0
2.4287564384616136,-0.6493748790473433,-0.5927942597215277,1,0
3.535755991995992,-1.9879468193981744,0.08712201328117275,1,0
2.1832344372219064,-1.7972027231022207,1.2267860461091353,1,0
0.7755309682794997,-3.093471370461983,2.319013197741396,1,0
0.631840800754335,-2.6030086955011598,2.809210861229503,0,0
3.65092793223125,-1.939614071575583,0.4134149149290993,1,0
3.723665720783297,-3.3026521168344645,2.43530015664544,1,0
1.8204807867173993,-2.051197111816597,1.243752480401648,1,0
1.6168126788640123,-2.0797295638568083,0.8487523532536241,1,0
3.461444292242202,-0.20243883335535995,1.4325944517261522,1,0
0.892954317956512,-1.1057866714865905,1.0619164836799593,1,0
1.1052729810441737,-2.988554560908534,0.11039572561221853,0,0
2.6433267946890444,-1.751212690198917,0.5916668371733308,1,0
1.6053948771404105,-1.955787621895802,-0.3981096597988507,1,0
1.9948781332799288,-2.202913984795548,-0.5436252025220816,1,0
1.8365571014754873,-3.082427197388287,1.653244883281227,1,0
2.3375745487989334,-2.151051877606929,0.7232999099142866,1,0
3.407481861313717,-2.7460982566525134,0.4039111003438334,1,0
2.0905849069017455,-3.2503155389231466,1.0085056267231536,1,0
2.643938793276858,-1.4887781854524653,1.7949322529156275,1,0
-0.05017210103102254,-1.608735340066765,1.1803639430263981,1,0
1.951281598069882,-3.786707511368078,0.34394506335903263,1,0
1.1567697297071289,-2.1226846374951274,2.2262929556489497,1,0
0.781186939576372,-2.0042986141000765,1.579185502981632,0,0
1.1218476330712492,-1.9407762611036792,0.4945566553228533,0,0
1.665876559299188,-0.9741631571147613,1.9736635113440901,1,0
2.915902542356013,-1.9610867930985403,2.241959996813811,1,0
0.673607282260436,-2.845045327969151,2.1300993164045137,1,0
2.0306314925944173,-3.0836988273580603,1.6140991771126236,1,0
1.5158305666664216,-1.6553950952496426,1.5983470470748828,1,0
1.6723269056380392,-2.6207199656348372,0.5196605733465026,0,0
3.002757825304604,-1.7126688883949346,-1.0973376745470436,0,0
2.538115437003926,-0.9000203496579164,1.7007231568595857,1,0
3.337398107442744,-2.132228656531172,-0.355813971126554,1,0
1.8454943207500996,-3.2442058788608694,0.20540054487494508,1,0
1.304057388329297,-2.3191065970108977,2.3035650678080875,1,0
1.7761411831195004,-1.7827688051894754,1.8402201626941976,1,0
2.2424967912712215,-2.202083245389404,2.4873982896858626,1,0
2.176573358453711,-2.577894108077656,0.7283256163127078,1,0
0.9156119277666335,-1.747115185030101,-0.15224884127676752,1,0
2.0904897816278742,-2.5039577414106104,0.7595628029296572,1,0
2.228228330138905,-2.6280660837253738,1.1020312972405741,1,0
4.517474037533921,-1.6885471656965605,1.0789887163400096,1,0
3.87684461128167,-2.401992580129205,2.133680478756702,1,0
1.1467566494411798,-2.7558956110216477,-0.36127042500344553,0,0
1.712616638450824,-1.7267959771478774,1.3520344718029242,1,0
0.5365579981629969,-4.139429001091575,-0.9886271494346061,0,0
1.4092929860365135,-3.481241123865412,0.450317278043813,0,0
2.3156050035903406,-0.5622230600835376,1.0031085501856367,1,0
3.2058536208882336,-3.1620795127342873,0.25018666171548254,1,0
1.2709161622563916,-4.116654448970531,0.7641706378251472,1,0
1.3458535599322035,-3.8618451532425118,0.8158242534847784,1,0
-0.14728902973865488,-2.970890053423331,-0.2701551293370962,0,0
1.8373340794550923,-1.969082721967301,2.7713412422676837,1,0
0.9375855881404369,-2.117610855425121,0.9015539976921204,1,0
1.4705605726339264,-0.7858101710714984,0.7561038898226623,1,0
1.1231392218324117,-4.672834433102938,-1.0974509576101417,1,0
1.905737445747443,-2.6040661255691764,-0.8942073519794773,0,0
0.24227160864336872,-0.4385617981964267,0.7369265755436472,1,0
0.5329547546090094,-3.127780764891714,0.3141473238233572,1,0
4.129247112028298,-2.379806511789895,2.381707593377797,1,0
0.712577418725969,-2.752891917228621,0.8350622246037813,1,0
0.9032144215453604,-2.894346046077529,2.2884442493182524,1,0
3.836913528321314,-2.32626200502304,1.061704634050368,1,0
4.905067169240407,-0.5725147163154953,1.0372278364215766,1,0
0.8284333711746583,-0.16261332451247967,0.911203552287499,1,0
1.6317510432119695,-3.3359392250401476,0.0037962516214591325,0,0
2.3415555509405097,-0.09493978593552987,2.718795003049859,1,0
3.7286976444055924,-1.964423523015375,-1.3196107267512183,1,0
1.0131429215717627,-0.246308973298919,-1.0015457444386788,1,0
1.7547221540578903,-2.0932986496534918,0.45682916894388614,1,0
2.7773375760617443,-1.8689421739538556,1.014527881937569,1,0
2.4347660744666184,-1.6345255273571655,1.6901044247640122,1,0
1.6238439287699007,1.1788536793675353,1.4730871980274751,1,0
1.8661770354839589,-1.148714425155211,0.6157540871194298,1,0
0.6251041916300182,-3.7072645299514635,1.0190436932417624,0,0
1.7618262560253348,-1.031002129724142,2.0301954031527307,1,0
1.7336125099910449,-2.3618325370843416,1.1840578312715655,1,0
2.232169889626256,-2.489750182901209,1.9626575724868411,1,0
1.444672781180984,-1.0913986401078888,1.2726452634321288,1,0
2.471538522545139,-1.968914412228847,0.43851697321711636,1,0
3.012715817819829,-1.721424085488194,1.6978168390000046,1,0
2.155429327668466,-1.9860147781347075,1.1106131225786777,1,0
2.3517564083992033,-1.6634168733945653,1.001339846754487,1,0
2.053155347577867,-1.5750341025638508,2.4729535721895743,1,0
2.0000843930914143,-3.936966932705415,-1.4508721285400865,1,0
1.2784419664571525,-1.3334273313904665,-0.4176841701595697,1,0
2.316494261673308,-2.9820194198303005,-0.1870704263743701,1,0
1.9027134015865106,-4.442299135559411,-0.3632606475688056,0,0
4.093168308930595,-2.0584112438586826,0.7453918302339699,1,0
3.5733549024752422,-1.9160189966855457,-0.5073256477730475,1,0
2.385846552556501,-2.693506164572281,0.014841967689173674,1,0
1.2369427903052324,-1.1689681423320257,0.1391583214764298,1,0
0.8875885280165821,-3.342175166370907,3.457424092075892,1,0
3.191142953088865,-2.406943748772559,2.8017419477471464,1,0
2.2627492251471386,-2.584874134933001,0.5882505823153508,1,0
2.4801434033916108,-2.0465872703393395,0.6364167096932011,1,0
0.25541401302580735,-2.7211357153527613,-1.1492039971882941,0,0
2.927438481558181,-3.0078929496235447,-0.9081304132252668,1,0
2.454420338214363,-1.275717322543772,0.883119813591476,1,0
0.889569315585522,-1.9369976316653004,0.0021480167559743135,1,0
1.528475192550051,-3.8919462533119105,0.9151494683379903,1,0
2.2637172043565195,-4.958591440397031,-1.6002058490434774,0,0
2.0524667983562437,-2.012319292929311,0.23802554168974221,1,0
1.707828814196445,-2.220967317786354,1.1486270953028308,1,0
1.8965117319340392,-2.1034201135746335,1.3662095977839375,1,0
1.7480226217931145,-3.027982456530218,0.41747195874201454,0,0
2.1525625121024685,-1.7744401604898192,-0.3204889841570373,1,0
3.471491972993157,-1.0523503901517004,1.8546857301355617,1,0
-0.5666584409312976,-4.111104900917558,-0.8002116966018503,0,0
1.7631497354903158,-4.171971592900794,0.6328579146073064,0,0
2.176512421372447,-3.0933238578873823,0.9893613233818068,1,0
2.2959939896870996,-1.711083332831293,-0.3763874990779479,1,0
1.6280854186787102,-0.7550526213535544,0.6838022954188121,1,0
0.24327821752141743,-2.4313394382395104,1.3653637420637676,1,0
2.3279954837141097,-4.5016998441596545,1.612965380474599,1,0
0.8590121025555814,0.1877611315998724,2.022407225360472,1,1
2.5317788906010525,0.7128836917231558,1.7770729589908982,1,1
2.007510770986559,0.6091698114921316,0.9047142129860655,1,1
0.7433458836002471,-2.0920130022414556,0.5320236866757075,1,1
1.7501218121369444,-0.19844769318709593,0.3706555156654956,1,1
2.933793485188187,0.5155152164829295,1.467819782909657,1,1
2.960484600783027,-2.158335565582245,1.195103973142888,1,1
-0.22799988082249745,-1.5079045153732364,0.6294040061022004,0,1
0.07346688884284935,-1.2261576016915439,0.13187381312115198,0,1
2.484918786733851,-0.8007645848467349,1.8187639503474418,1,1
-0.05828105083763724,-2.3521618554012016,1.0945925329577002,1,1
-0.322541133291679,-1.8256981100737286,0.7846887161316864,0,1
0.5138058693009531,-0.827305430255024,1.870822770366639,1,1
1.4202267094745857,-0.6480724045477542,0.19547336977518648,1,1
0.8976032933889037,-1.0634714254250697,-0.8081440468707459,1,1
0.3494363795944079,-0.9430121532414673,2.543492856014553,1,1
0.325787538275491,-0.5397062823469779,1.2566587307122616,1,1
0.2876629355872913,-0.05754539503028888,-0.7144858954961215,1,1
0.12049037134105745,-1.8044267628566673,-0.7138194972187111,0,1
3.2816328772760617,-0.9096489283680018,1.7718742923698283,1,1
1.2975110711855549,-0.4076459617455419,0.720323168867107,1,1
1.8867590544047386,-2.420915925895182,0.4879385806808729,1,1
0.5109225318810763,-0.022964872773541922,2.4008818603129667,1,1
0.8140433228139512,-0.5005630971229588,-0.047287146383810486,1,1
0.286446018629645,-0.4603064734024382,0.20184664224516613,1,1
-1.6517083349192019,-0.539265692405536,0.21138647504826755,0,1
-0.3780092768478662,-3.452815530048248,0.39045493205388226,0,1
-0.8106186799803947,-3.4738338698589635,0.4963430343407315,0,1
-1.2497837779516074,-1.2261961546764804,0.9112380445689469,0,1
-0.19535897429810278,-1.5071168551285157,0.19857862068151685,0,1
2.324955679381631,-0.3298230568080678,1.4893839389384091,1,1
0.9555638322956456,-1.9621270751724456,-0.2592092593150832,0,1
2.290563762321174,0.1643536742399312,1.0626983032367143,1,1
1.4109825769008753,-0.56736115700888,0.10753418005363442,0,1
1.7825588257151592,-1.016017706048473,0.21509813581903608,0,1
0.09910300469542488,-1.7608284584045832,0.7725398075827608,0,1
1.5239509541926708,-2.607689387614403,1.555145681944831,1,1
1.7287142340743458,0.2692362080371281,1.0442170029001832,1,1
0.42335270776630707,0.7217286662175928,0.19087401505896018,1,1
1.5595403706161663,0.14455841198398,1.0676712580627095,1,1
1.566187758574833,-1.3796424273675065,0.9719822151042561,1,1
0.45044737886991715,0.17379439366775784,1.1931815798131984,1,1
-0.12276843227099499,-0.6394702920385545,2.206525307140402,0,1
-0.18412833189827227,0.058816247799085675,-0.5237727785412354,0,1
1.0865055419214618,-2.3761099242279577,0.42228901912535954,0,1
1.3270098687893148,-0.7264545845441385,2.0684620672442984,1,1
0.20747416954208553,0.24727205114345518,1.0980019140993829,1,1
1.0265853413260986,-1.4425899285618422,2.337845119172165,0,1
1.5705370361384854,-2.617327602051275,-0.3780392917314767,0,1
1.618190714665301,-1.085383714973297,0.32408922232004705,0,1
2.5518801201224885,0.07866163381516666,0.20119425510701805,1,1
2.2769808321980434,-0.41203710366899804,0.6484752648567069,1,1
-0.0012914327565440864,-0.28041507282005584,1.248933910396658,1,1
2.6835862095380225,-0.7587059016857302,1.8463040623077296,1,1
0.46902349544428523,0.9782789357160593,1.3190948340235742,1,1
2.0448728124544275,-1.4006921837126765,2.259114849334736,1,1
1.0679866260510888,-2.087320762763779,-0.09496531059267174,0,1
0.5878506215430324,-0.48901448647247436,0.6678314701609946,1,1
-0.8076968597749328,-0.6210459722991074,2.7039851072793866,0,1
0.8284354897836518,-1.9973731700945367,1.3942376494420308,1,1
-0.559383235305609,-1.8102967497654392,0.28051845402145237,1,1
1.9672992358427723,-2.537728507734718,0.30573623775193115,1,1
2.516792657139248,-0.4673047747467292,0.05732008546865952,1,1
0.20308901070330976,-2.6183058172065437,0.9365693558567879,0,1
1.3019707425192713,-0.8845501100179167,0.6356227071067582,1,1
0.2746084779920246,-0.838621810108292,0.12736247565648562,0,1
0.3715152698632104,-2.1415427207828466,-0.06350867443826871,0,1
1.7744947038653713,-0.26871797725663543,1.7314924079409346,1,1
0.9614617381565875,-0.799337907751722,0.15325590711597992,1,1
2.7396480419310114,0.17211431509643682,-0.07557228614301548,1,1
0.5177675212970789,-0.024871932651991224,1.2242973071815944,1,1
1.9993363324744893,-2.19193369617461,0.600959284699897,0,1
1.097413412957782,-0.6686517534004526,1.3325323130976408,1,1
1.7957780097442333,0.5437433977204944,0.1905462709026724,1,1
0.5528423426700533,-1.106623129745903,0.6774848420913938,0,1
0.9504411624484173,-1.8969620577511315,0.25613907290436577,1,1
0.8845011207010652,0.15561806117138266,0.47846135521361666,1,1
0.16394288515421285,-2.584610622436238,-0.9439535247220022,0,1
1.6620815345817528,0.912513069961006,2.301158348652031,1,1
1.650249005578364,0.5240988398410249,1.6334215410273492,1,1
1.5935546949055666,-0.2101145240815992,1.6049933756788732,1,1
2.536965653917645,-0.34276715656380663,2.2472114211424503,1,1
2.4493448012363035,-0.70903225602742,3.8126492482387233,1,1
0.6250553101508647,-0.8214760485999719,-1.7092261039101555,0,1
1.3730523184341783,-0.8707781694620617,0.2616234191228919,1,1
0.37639931074178734,-1.2644301293601061,-0.6161750841745238,0,1
1.0233553161145554,0.3719343665194511,0.14918037761730718,1,1
0.40025055088113526,-1.0618065435255897,-0.0775832476037126,1,1
2.620070309136051,-1.1161927399906946,0.7003469359446344,1,1
1.3636981503429628,-2.694365480724459,-1.216603715289405,0,1
0.7819708718955779,-1.5644727461261723,1.3350423675374132,1,1
2.193618571856377,-2.3283953114415024,1.0516983214286146,1,1
-1.1706154097954116,-0.7701712109844704,0.4810286647636553,0,1
-1.0141025948652898,0.3089145420827708,0.5077284516382525,0,1
1.7958386552197738,0.9253289434703056,1.6030068534266766,1,1
1.060468448117368,-2.1260844886265167,0.6265910631761177,1,1
1.2504463002607606,0.22485467155619998,3.1211434026336673,1,1
-0.32639610331854874,0.9221063499235564,1.2344311164820978,1,1
0.9767662891496338,-0.9568099807386641,-0.862484752624795,1,1
3.003509410401342,-0.39855256934995054,-0.002375745766217463,1,1
1.8241996197958628,-2.5078930508046704,-0.7405029890278156,1,1
1.1697065451428121,-0.23326383202335849,1.0173346291513072,1,1
0.5609460898950623,-2.5635597294347177,-0.12180522405333363,0,1
0.6054271481306062,-0.3003649820884855,0.5315743021005421,1,1
-1.1291978892000176,-3.0612029221888806,2.010926112400514,0,1
1.2576404209211605,-0.9571417755224041,0.5489828740769108,0,1
1.845483108481854,0.5245126754266898,1.7260983614463346,1,1
-0.5756193271706151,-2.2831798617151677,-0.9310734879421032,0,1
0.338583107693184,-2.6369225814104347,-0.9991448913310123,0,1
-0.1574646322334221,-2.656023042549981,1.0368054990969549,1,1
0.034648805191236476,-1.766413534075177,0.17300713965222583,0,1
1.0534816268219003,-2.081593934281605,-1.856311567114457,0,1
-1.0844021549884744,-2.0510194123480545,0.819692977150466,1,1
1.6142704383570639,-0.046981243687828356,1.0140720828735048,1,1
1.7538550699336821,-0.9499703818646492,0.784850834228871,1,1
0.7488974119630876,-1.5757359586452324,0.18660958765332358,1,1
-1.4807085099845416,-2.054572405640447,-0.53953518192114,0,1
0.003581373997610382,0.5713045389296156,0.823140806427204,1,1
2.2329019341026966,0.10293694375522222,1.0908000236100477,1,1
-1.7779942807285725,-1.6300260614984898,0.604791582550568,0,1
0.6524765878064808,-0.8808949815351474,1.0808562049508712,0,1
-0.18000077846725904,-1.660911956386739,0.7056522764727502,1,1
1.8045703015848367,-0.4676298992729695,0.5438438038846422,1,1
0.32488604785653863,-0.3526776695135294,1.4376556735343062,1,1
1.4039540207356116,-0.9698365084987268,1.6108449164108543,1,1
1.565460419169093,-1.0645416640425822,-0.4342004332588856,0,1
2.83622583973002,-1.2804334546444514,1.7903934769661722,1,1
0.7970580563246298,0.009820707776117876,1.979585341155973,1,1
1.3760443696226115,-0.9481412284687081,1.291686465658673,0,1
-0.48505547912743596,-4.417159880697066,1.7783209067198225,0,1
2.190413563293744,0.6903057035101177,0.1335838613405611,1,1
0.23949115192863535,-3.547632565352754,1.0138982093325113,1,1
0.4392458359122544,-2.1160490255561255,0.011277696618660139,0,1
0.9777522051507893,-0.474651965742245,-0.0980735685325076,0,1
-0.5628843453398495,-0.8172867252524407,0.35073708038986384,1,1
1.228770028928938,-2.966185982469542,-1.4855620032310715,0,1
1.9674662729250108,-1.5937370617166706,1.092679446029004,1,1
1.2929338234972916,-0.4730942536793803,-0.7683556595479125,0,1
-0.5888975641787251,-2.4215045305486385,1.085993480747625,1,1
0.8761907056703404,0.6289911009620173,0.20595645830114662,1,1
1.7420289029794906,-1.5551020990422892,-1.0996583458443414,0,1
-0.8779887659659078,-2.6923953304424337,0.2342983603768977,0,1
-0.07476601381771397,-2.083115072302691,0.15092152680649595,0,1
1.87654360408152,-1.5172243411016413,1.579281971320933,1,1
1.2700954341972865,0.3662252008585286,3.1858637664176253,1,1
1.4119715821267538,0.23242780976283828,1.2772895312108468,1,1
2.8594948076233115,-2.219161133876047,1.4850817670641296,1,1
1.4685527785062025,-0.9035921185193341,-0.07756132886732536,1,1
1.6578880104331795,-1.363185662344277,-0.2869074405363745,1,1
3.710745527218326,0.7935099684593703,2.5828294467733337,1,1
0.7861954419095093,-1.850099118126421,0.07652022006669634,1,1
0.20211723638150492,0.1042291046850139,-1.043944071468642,0,1
1.4277963982471327,-1.5332947395169376,-0.03909892121655298,0,1
1.438991029388895,-1.6619344063800876,0.9098075866226116,1,1
0.4732846080537918,-1.1772741840092777,0.09749349355670833,1,1
-0.03239701955484753,-1.3016188407684506,0.6950267812869,1,1
3.309844422090078,-1.774618402015506,2.2293757176501043,1,1
1.326843470388023,-0.40517314026962437,0.1940063911682024,1,1
0.26771461859792434,-1.7279155506918433,-0.39367248436617164,1,1
1.9159303022795986,-2.6803662087381888,1.9425936208997923,1,1
0.8908548484386655,-0.879676470848173,1.4922969119380367,1,1
0.7471185536821687,-3.3028561964178826,-0.6205186206486616,0,1
1.5622728719144932,-2.2521608680675205,-1.582167016126918,0,1
-0.29188226823168995,-1.4091028886033559,0.25537664356143686,1,1
1.3526272039171725,-1.3712160720258142,0.9452955631507287,1,1
2.912954807731752,1.5009631015901537,2.1656720898838193,1,1
1.4661776621973108,-0.44358843283042926,-0.036581974869656975,1,1
0.6237878962165355,-0.25462899100466785,0.9154801184885266,1,1
0.492894719571758,-3.2763982963422946,0.675144659894898,0,1
0.5896600266548906,-2.153963133636922,-2.3812673401219207,0,1
0.746037321952219,-1.284697370058488,1.0337861679388998,0,1
0.622193467241728,-2.5245289129130066,-1.1824505722064373,0,1
1.9163114410745667,-0.5919371564820146,0.3319954934569346,0,1
-0.7332091032089831,-2.7026965859010303,0.24668314961074406,0,1
1.8620000504121341,-0.7863661358651757,2.084586391463845,1,1
0.6203134748574388,-1.0860516399755586,1.5509243808935405,1,1
1.3769477856953722,-1.335679340618084,-2.377290491729981,0,1
-0.12698791020086375,-1.1404900718554258,0.21522075284400866,1,1
2.328631066849436,-0.7708936270709373,1.13820512935328,1,1
2.245634960171873,-0.7361300917779856,0.8050201138802131,1,1
1.9595905257500736,-1.2343877573913011,1.4776107297567704,1,1
-0.5147547757935393,-1.0149061315028873,0.7893665556697054,0,1
1.8291210710660528,-0.26161162516257475,1.608451736429679,1,1
1.4048550876357089,-1.5886139452531673,-0.21427494255446522,0,1
-0.6052712471325676,-1.930458333461958,-1.8463370111204804,0,1
0.9757026162291845,0.296544030519997,0.5445187511451828,1,1
1.3645344890332625,-0.7358342438141814,1.4163681481389552,1,1
1.5560752738231507,-0.8066972878259372,-0.09044725255047759,1,1
1.1772613669488556,-0.39530997011187397,1.6312747301215764,1,1
1.2912314168473797,1.1965866829708507,1.9083932972673043,1,1
2.473611392253096,-1.840356208021204,1.1268669762958425,1,1
2.22603390991068,0.26985689305535465,-2.063779866312396,1,1
-1.8670549537827434,-3.3931711612381052,-1.2780883627118034,0,1
0.682561445162318,-1.282726841771376,1.8861891585560817,0,1
0.8353489724560488,1.0750828276087308,0.453462206971622,1,1
-0.7520985727269711,-1.011331475532693,-1.984143223128996,0,1
1.0941830582323122,-0.3293749214602072,2.235247388310272,1,1
2.2487577724105066,-1.0604494688030757,1.013355591543673,1,1
-0.08656785959059032,-1.4689527995114458,1.1049404889577255,0,1
1.3364009386898723,-0.7520628154033563,1.2769586752193653,1,1
0.08417652270356224,-1.2859766079313553,1.4585591362121688,1,1
0.32808797632032316,-1.7898756154748698,0.3630092477145166,0,1
2.477393634170035,-0.3016188393735605,1.697488311921,1,1
0.45744217988817504,-2.2672170685306403,2.2774304485560983,0,1
1.4622124890106247,-1.306281820684684,1.971006335959188,1,1
-0.8712181160609871,-2.8602434375921746,-1.580339317845535,0,1
2.86231756139488,-0.10927497391110391,1.4466615152789033,1,1
1.6026524463064988,-0.9546767380329396,1.1414807681032177,0,1
0.8175001573497384,-0.26833955576348256,2.202700806536146,1,1
1.5755465099998949,0.46517049272866584,0.5733950169409004,1,1
-0.4098194289478103,-1.4121323629192726,1.1649444451881277,0,1
2.1825307417526574,-0.1079890626342433,1.9277423995512053,1,1
0.6760152245035698,-0.19616257436243717,3.57251743696973,1,1
0.7959304849515653,-0.5915400194182079,0.24999826375148848,1,1
0.5083443850345155,-2.030821828129647,-0.5074005764004252,0,1
0.4193485972544153,0.7141526157919111,-0.3061190484599539,0,1
1.6946706116284087,-0.9519509798535085,0.5097778499612247,1,1
1.255906850104223,-1.1658777111204364,0.10997925023639699,1,1
1.65174814140304,-0.06599017654989303,-1.762675505673743,1,1
0.9912053105144285,-0.24814558470499487,0.5653005262768659,1,1
1.5131998110771812,-1.9047915476103274,1.3693580596999044,1,1
0.5811512560749617,0.6226782545637386,0.5067781544940893,1,1
3.2297318414095484,-0.5941945753508333,2.9353811835291097,1,1
-0.5679304164304986,-2.6109310952157205,0.013375812715862578,0,1
2.2609373235629846,0.688784114353874,2.2910290551841355,1,1
2.3679074507209705,0.12567557159615395,1.2614204127299684,1,1
0.1478411940344062,-2.7645419919479144,0.826407309893258,0,1
3.2292736105559734,1.2771828402577243,1.2792415539335622,1,1
1.995490282945318,-0.8412026316338073,1.3687846319035628,0,1
1.9711390068229115,-1.510196115625046,0.05593935013240072,0,1
1.0280221870258768,0.09021880562177942,0.4961207080887857,0,1
0.7827738417813236,-0.34070221617035945,1.3663329336500438,1,1
0.7905911729603918,-0.528083075104032,0.7117145418726811,1,1
1.3905305963195171,-1.160300116021989,1.4049823189246768,1,1
2.401186275033896,0.08185043930707858,3.234386246197682,1,1
1.1813142178614195,-0.023397032676020113,0.729603057904558,1,1
0.08855637686270967,-0.4853198601102887,1.4194648928532483,1,1
1.8244270623849799,-2.289986353867603,1.2577789508694428,0,1
1.921150746394792,-0.37007014583392617,2.1402532809442802,1,1
1.654659528447786,-0.5697987857621378,1.0117164177193652,1,1
1.7454989065249826,-1.833474318734201,-1.3833887029573617,1,1
0.7290718698421919,-1.9718123513241856,1.5167028186484663,1,1
0.07101083286942045,-0.9348466211902305,-2.2194742586230527,0,1
0.1318065693592202,-4.1018883150516885,1.469937230941231,0,1
-0.635463248457858,-1.29458947303874,0.16947387119326057,0,1
1.2369486115459498,-0.9780830577538244,1.9996740198719891,1,1
0.9165512167734063,0.8082466068799101,0.09788886181894885,1,1
0.5600122954702913,-1.9934682091538758,-1.5525074733000543,0,1
-1.9556188243450698,-0.840515785748104,0.2607543841411672,0,1
-0.2473174696941689,-0.8969138412377916,0.966396560043858,1,1
2.120840651403167,-0.3862518465138566,0.5084591738428343,1,1
0.335373999936869,0.2368365309200512,1.0846612807327638,1,1
1.3605916776568414,-1.9625557163245801,2.76743589203226,0,1
-0.39068542997525624,0.496554884498404,1.8345255473690578,1,1
2.4387054823592313,-1.493697877106483,2.049498605863319,1,1
0.8559723399453236,-0.2054071574416209,1.8439368915533556,1,1
1.2900403964835352,-0.5773602772121472,1.4794621438521929,0,1
3.325779791881685,0.16003749179033488,0.8099283270992551,1,1
2.5164401005894037,1.4164448767354103,-1.0547613076752937,1,1
0.6934343787129422,-2.2634393173106604,-0.1885861330060098,0,1
0.4067798151296408,-1.879149251348588,1.8117357099965017,1,1
0.6744549884804683,-2.4943351084951195,-0.9698003951150737,0,1
1.5098982484765355,0.16044256654843703,0.8236340495106697,1,1
0.8947758657491289,-0.0020770657306213858,0.3082302569976869,1,1
0.6047558549965284,-1.3977433403525843,1.5020292518431304,0,1
2.467181250709042,-1.62295704910713,1.7494570154065636,1,1
0.8857901082221631,0.2668672933290608,1.6515406206439591,1,1
3.2995890930373193,-1.7247047776505404,1.6216013131209714,1,1
1.090742563752173,0.6589495823768998,0.962750747447873,1,1
2.7853183942247277,2.357438423139865,1.1975562825275035,1,1
1.3573194227106269,-0.13354885342844952,-0.18518458053231757,1,1
1.9629605732494477,0.08310813565774311,-1.1864419787505676,1,1
0.2753889484822756,-1.9928597688955594,0.15008113034502407,0,1
0.14624077741258823,-2.3102133210868163,1.3239902562721444,1,1
1.4597059550149876,-1.1027193630302223,2.2092645684253776,1,1
1.9885532424653152,-1.5928952410987494,2.5713358160823674,1,1
1.0402565020004628,-1.9470045764150157,2.569998484998947,1,1
-0.28639333508369713,1.2223599419956492,0.0019764067061222024,1,1
-0.36025836628932706,-1.2271374819742271,-0.3522650349497693,0,1
-0.42713640218624116,-1.1203124193860163,0.48033429588137955,0,1
-0.767622112939381,-0.8090223651962496,3.5319046777421774,1,1
1.1094853594470875,-0.6728710824434363,2.480099203713916,1,1
2.1250439217080253,0.4645506822393334,2.1193971619983802,1,1
0.9865842130751913,-1.5323371186952155,-0.3877879555492906,0,1
-1.2604147573378524,-0.9693060619752673,-0.8831996311551246,0,1
0.8092395396654513,-1.6960042978450158,0.7889078833832395,0,1
0.8372010033673929,-0.8421528907320472,-0.10066126423436006,1,1
3.0959987502254394,-1.906914165601862,0.7615636490196973,1,1
-0.4571379129195563,-3.477749062367128,-0.11477794900192263,0,1
0.6093223974008043,-0.7615619010664019,2.592912089122808,1,1
2.705852680544564,-0.4435033080067673,0.6453026970403224,1,1
1.4499783413465481,-2.7861300367087907,-2.4392496385726155,0,1
1.5633130735164247,-0.5344748650346329,1.5044446476624684,1,1
1.1145844370238782,-0.446247437009498,0.3009781468960736,1,1
1.3299435386572647,-2.656008006059379,1.0426310244377468,1,1
1.777609530278536,-1.4151246594795013,0.9132952991578763,1,1
0.19051368110723366,-0.09273610626453149,0.7262960041822317,1,1
1.8780585789081998,-0.11294127060425613,1.790340581784704,1,1
-0.37300301688553916,-2.6536749163997606,-1.5328648783527072,0,1
1.328367972831538,-1.341551949500265,-0.5170142249543602,0,1
0.6840379131173813,0.2157414910848201,1.9610934861202163,1,2
-0.6140847753443682,0.8749555841401158,-1.1099506468799718,1,2
-1.6088067092699718,-0.6100988660571137,-0.7663153496157056,0,2
0.6685553432567358,3.2996640696148387,0.6002799437102362,1,2
1.123094630441539,0.9102692300883815,2.7436218672915653,1,2
-0.04499520764300634,1.5452321516965593,0.768603765496369,0,2
-1.9608455984695325,-0.19562233080768832,-0.5571705270530996,0,2
0.7059697466988162,1.259287641534908,2.304513697115551,1,2
-1.659887881419688,-1.3213640716452693,-0.7405158205011196,0,2
0.3087992768481657,-0.44707259186786463,1.0090998037340055,0,2
-0.8874638247421598,0.21053467078924676,-1.3588772459230156,0,2
-1.1598392857669653,1.5860038309598667,1.0732578317891572,0,2
-0.4419100170796902,0.22198277767627117,-0.4061336454709856,0,2
-0.18329755642725984,1.3837203611929991,-1.0285042409412697,0,2
-0.6442082503864482,0.6407291102029202,-0.21714361307631405,0,2
0.5887032782151507,1.6274013394646858,0.27734417972021486,0,2
-0.44606937845883377,0.9409577826949446,0.5052515694742878,1,2
0.980190871671822,3.390222710651804,1.5539535059953238,1,2
0.28117316564347944,0.514603797085877,0.41700611633593254,1,2
-0.697557206596308,-0.766461834197669,0.6203723939313579,0,2
-0.8659398838322859,-1.2100528496890341,0.44222206203659953,0,2
-1.6474962990474387,2.3310246715580702,-0.06092305470793503,0,2
0.2907331778668224,0.8194475726178976,-0.4413823123659498,0,2
-0.3545875472513581,-0.33412073338030845,0.15154079576526616,0,2
-2.3721955280635143,1.249022696873495,0.5502537430336992,0,2
-0.5357148727694001,0.687692185117782,2.0617991527316084,0,2
-0.901034029254952,1.9661274713755903,0.939420421798181,0,2
1.5756775921706603,-0.5478328327399113,1.9759899498158413,1,2
-1.7027786118933097,-0.26536010831425455,3.0885121948602836,0,2
-1.4413507997340538,-0.46252138394282544,0.5159584767678441,0,2
1.1099696431056998,-0.9736826764086015,1.4846435113117022,1,2
1.3567631574639631,2.060327204779694,1.7040150743216542,1,2
-0.7449829387256415,0.7296034441966416,-0.008965977588253127,1,2
-0.6320858228089109,1.739631204986562,0.5560983635812438,1,2
0.6162353965533128,3.3597719343296117,0.493830733307666,1,2
-2.32709979694531,-0.3532436918276083,0.6476139772195617,0,2
-1.8611936845055561,-0.4211529826571552,-0.17417456222119868,0,2
-0.28073340085071186,1.118664169723996,1.1382234254743029,1,2
1.549890566129126,1.9872473529834096,2.0874546201484643,1,2
-0.4357300881667396,-0.5667130253101499,0.8631507387041388,0,2
0.10093679173515462,-0.6309615971321306,-0.16172100304124704,0,2
1.133789272564012,2.057189270241366,0.33000490312177755,1,2
2.106884733278146,0.37863932383803556,1.1352747316531886,0,2
-0.5768484731483126,-2.0447282630048207,0.7738911809098658,0,2
-0.016836723733426057,-1.2253917994691081,-1.6062568182953822,0,2
1.8220552213428425,2.50123586382721,0.6868460610917192,1,2
-1.5221992751914284,0.4019282830788125,0.1655154620167624,0,2
1.0275810705538218,-0.762195931037249,0.7788297171210313,0,2
-1.0183155323612583,-0.17040965723498214,0.9101014949397712,0,2
0.10247236710315673,0.013236672801670204,0.2839060011754735,0,2
-0.24261904740027426,0.7357333602801638,0.585247531358856,0,2
-0.9580116007012293,-1.3582633948587894,0.06413680237815363,0,2
-0.9831019276582751,-0.8409491386704581,-0.6738516881805606,0,2
0.2764143642537545,0.27295575486338886,-0.261264391041254,0,2
0.9955393281626821,-0.09983458049545033,0.018991186640108272,0,2
-0.1297362031885032,0.5718591826367099,-0.034679250018589874,0,2
0.07011315873321637,-0.2295073973595978,-0.8855729044434706,1,2
0.5711740662910472,1.357128676271321,0.6025166650705688,1,2
-0.9716187730129598,2.091583619377472,1.056205653089152,1,2
0.739692508412923,1.4868185471492834,0.718630008094299,1,2
0.819343097059747,1.139111739761592,0.7531762044884143,1,2
2.60362629875041,0.9041163974340292,1.4879913708045873,1,2
-0.3761041905595823,0.1651488472284982,-0.07895718704863386,1,2
-0.4580818016681276,0.9280014075602115,-0.6280422139512112,1,2
0.7689658715737455,2.2597058528804057,0.6518302091633252,1,2
0.8191041689121383,-0.11902850660012523,0.7641144055017897,0,2
-0.535087153376712,-0.8898039893484101,1.6875530394866385,0,2
-0.40316267693004887,0.5077529112346137,1.7821282390947402,1,2
0.5411308382180404,1.20085029727593,-0.4682637598688473,1,2
-0.8275842407346614,-0.37351399718084694,-0.23236723937677117,0,2
-0.4105339880150149,1.4853032830631407,1.2566343810815295,1,2
0.08959276736843465,0.5228437607490304,0.1775911169235922,0,2
0.9959386848222581,1.8889831804046482,1.5393045529428742,1,2
-0.6045986161795408,1.4235594722650329,-0.9170489464607607,0,2
-1.842384462030672,0.9958587243723608,0.06494308755074261,0,2
-1.916597467518211,-0.9342390641479599,0.420322829776129,0,2
-1.2594130667061334,0.09646555342372776,1.8256709533036595,1,2
-1.3131677181999373,-0.07577147645982442,-0.805718166612792,0,2
-0.15461075861990903,-0.4511753572394145,-0.345156867242898,0,2
-1.188880153597605,-1.1383267269609427,-2.7038176800733402,0,2
-0.7027549598212041,-0.44169179417299426,-0.6214619675777742,0,2
-0.7740858849820498,0.525487066380961,0.47558510702895695,1,2
-0.4405078608479934,-0.6718477397612058,-1.019584508167443,0,2
1.3225043315231224,0.6842105138449943,1.1656121502326517,1,2
0.6619475894305167,2.178450850318331,0.9440545679547317,1,2
0.016129415276003874,1.1992380412492392,-1.2592138775776114,1,2
-0.4610262805808381,2.4718090760554694,0.21550796930175647,0,2
-0.4332326566230212,0.17050818601964934,-0.9283241307890274,0,2
0.3277464699519495,-0.29006577393725175,0.48568895919051513,0,2
0.5841690733522902,0.004132882654866092,-1.2818512477286654,0,2
-0.9076175061006004,0.25649197844354,0.03000653853094012,0,2
0.03648075561423148,1.4352539571710636,0.7168366711134941,1,2
-2.031619568663027,2.0767113258590237,0.30310188495033036,0,2
0.21171378417059702,0.15467953502243137,1.1246972776513469,1,2
0.762149241958686,0.8590460581777356,-0.25516417502145444,0,2
-0.2800686268808754,0.20775059761412384,-1.5362723140442447,0,2
1.8165269961401054,-0.5710977425706176,-0.47720796346103156,1,2
-0.8812384474360504,1.7706987820947633,0.416113060907781,1,2
0.21744041530326128,2.267623560803905,0.991720116070413,1,2
-0.035824746665955476,-0.8571764037774298,-0.608247947199117,0,2
-0.10029766744340833,0.9910661321080293,1.6252119305794657,1,2
-0.11432216800474763,-0.7253542620077036,0.7207790807883163,1,2
0.10710503000947168,-1.2588064596843365,-0.9650127247795103,0,2
0.8479587434636998,2.0480295776172524,0.7219037070120906,1,2
1.3777362362747443,0.5335834939925654,1.2258598363165523,1,2
-0.0022502445041573905,-0.10880297493803925,1.3248847188245845,1,2
0.8153160721716332,0.22946036445842968,1.8783791319931293,0,2
-0.7017669462667825,0.4775875685689768,0.3310906599965806,1,2
0.765955452726233,-0.4708216577755361,-0.07347866159040038,0,2
-0.7619915238269903,0.7393260256749032,0.4261239468194264,0,2
1.0906599360881322,-0.1617333589343466,0.9765770407991847,1,2
2.2106408773932396,0.09463478731816777,0.4993818540113468,1,2
-0.12208388797139179,0.15407999214886864,-1.5492571763442435,0,2
-2.1925434908074086,0.9694097907482053,-0.5108345590530156,0,2
-0.548072933244823,1.2381603014898497,-1.073702412717801,0,2
1.2318751342893033,0.33493827963837697,-0.7266066811237784,1,2
0.5530767870252449,1.937376966919648,0.20432115832941355,1,2
0.24891359867502955,0.21585770652959113,-0.047091720766454515,1,2
1.008668355954839,2.8262093469067997,1.583786545292948,1,2
0.484453439248422,-0.1337710254197284,1.6010918374142937,1,2
1.2177251874511363,2.328478810791731,0.09612071041912518,1,2
0.9194236766469855,0.3435138931812761,0.7397713694368788,1,2
1.5217004527369589,2.0132464547946003,-1.8582426621125354,0,2
0.35879608390625434,1.5913207288524842,0.5056600498173058,1,2
0.9052594014939547,-0.016016529408221958,1.3989819007023456,1,2
-0.3071270730857854,-0.5222384795425068,0.8249378896141027,0,2
-0.6014608115590059,1.7811812052237417,0.2869529183086862,1,2
1.7067676404189733,2.0526444176155616,2.05185486052752,1,2
0.21620467632268803,0.9292844082755374,-0.5156919215134717,1,2
0.804880565862379,1.0446582809634664,-0.24762779914379252,1,2
0.12374001441139017,1.7583530326440655,1.7096618656378761,1,2
-0.5865156509199643,0.13179842701081995,1.6711212285632473,0,2
0.010982892582401323,-1.2935048593383758,0.4934319881836954,0,2
1.4359940177677142,0.18702597535981935,0.9596576134659875,1,2
0.555240074279424,1.235119943151665,-1.1951837465222086,1,2
-1.711473159730459,2.215482416497694,-1.0224470560434793,1,2
-0.2152444565761547,1.6159824241620477,0.12940953689586895,0,2
1.782293792704712,1.7795294207714503,0.6419373304288254,1,2
-0.21379686184995605,0.28729076103636375,-1.105835182152118,0,2
-1.8004786917341806,0.748813885982477,0.06553258083005072,0,2
1.8930488854225436,0.33324914979314435,1.1151313675078096,1,2
0.6823925098127926,-0.15323096025821417,0.9444158685402726,0,2
-0.0700128588128004,0.17586927866052338,1.1366022830127007,1,2
-0.37141773608206863,-0.24874261070771153,2.2283943683343845,1,2
1.0823519297917354,1.333549011636205,1.0079940295488135,1,2
-0.5419834002261925,0.1855133065847436,-0.11533499480733611,0,2
1.1482564245159883,1.6876524845090128,2.0643121862471823,1,2
0.542195285724256,1.546111830892447,0.02155911995856552,1,2
0.24468192548734993,0.24264427132386202,2.8144474532661614,0,2
0.14551480533559535,1.5566166656775544,1.375257478166736,1,2
-0.17496803671417813,-0.04268309622747663,0.3808292528376731,0,2
1.0456401202092658,1.4128913952224007,1.5250959739725976,1,2
-0.8653428321018342,-0.7261444026863596,1.8771364753316424,0,2
-1.6219251268302093,0.3697059256391301,0.7925074116726066,0,2
0.6144401228924746,1.6684176852860095,-0.6050559790039236,1,2
0.6312383280671477,-0.6696814280722031,1.4034703847675043,0,2
0.4802411525117667,1.0518320989928467,0.6591034205549827,1,2
0.4077283696180388,-0.6236025096293596,0.10715507283932346,0,2
-0.32054037833754784,0.4734933034838851,-0.2792539721752665,1,2
0.7874827043855253,-0.12492935510215464,1.5262020181238958,1,2
-0.04555812675454088,1.2657749251665555,-0.6513742900675522,0,2
-0.4871135608151781,2.0656851747200475,1.1001696379934738,1,2
-0.3118913122553999,0.5374338542273371,-0.284099005360783,0,2
2.020639698775832,2.9721959519438137,2.9250128017358517,1,2
-1.7349760820454327,-0.18924569656839169,1.9822603001455896,0,2
0.49978810429579884,4.031762415110634,1.0465131702147414,1,2
-1.6791104276237172,-0.22752941536322038,0.06397771136885474,0,2
-0.10823333832297323,0.25519335175601643,-0.37344296634951507,0,2
-0.4336274851541877,-0.39777791394020817,1.1060062915027862,0,2
-2.085028296679878,0.372325560060305,-0.32891987033337716,0,2
0.389037590433763,1.8356149278862444,0.5786627253543006,1,2
-0.3800380621921959,-0.11391639305308393,0.9785928636649645,0,2
-2.099206342561244,2.7767198471176204,0.46170090468335057,1,2
0.8395680907742521,0.23914928463346072,-0.03775503444853058,0,2
1.435006177988935,0.2704853861101991,-1.5813107815109928,0,2
1.490124342296572,0.09100230548628252,1.704190345123167,1,2
0.35895644065147114,1.4184990745503845,2.940866939181869,1,2
0.04605813857711549,-0.1340272208093656,0.7212253727997919,0,2
1.328156620895797,0.39176027066271313,2.461799167547305,1,2
1.6823835853400984,0.22352559185163612,0.15389786382266912,1,2
1.133568702875625,3.671763379756685,1.2363242820282008,1,2
-0.9415376022298011,-0.2634772501790354,-0.9431599243693896,0,2
0.2013448532149219,-0.4569854207812678,0.7722344544186571,1,2
0.4395161442914286,-0.6982214597325725,0.7722114773525048,0,2
-1.8096169689172292,-0.051567839476213594,0.10182061310329862,0,2
0.4693606596207741,1.5466670326164849,-0.4126410226012216,1,2
2.272991825979389,1.5547965217253135,-0.31502910553775343,1,2
0.6399361658007914,0.6766145517765254,-1.3811639314907738,0,2
1.4734130814417563,0.3551396933626704,1.4914525899395903,1,2
0.18291473012870507,1.3404404435015453,3.0638945356566682,1,2
-0.07321832398382148,0.12394053588942155,2.362458244000213,1,2
0.3812713900809755,0.38035701698598834,-0.8959851991460643,1,2
-0.8158266479844326,0.08229102549974054,2.4210759380697837,1,2
-0.9637751872343886,-0.18838885459826948,1.9364004170146472,1,2
1.2663045571693656,1.0642094888580087,-1.5452999455287577,0,2
1.3723423428665182,1.6886117009788877,0.6967983832895025,1,2
-0.9911063155873504,0.9766653699781299,1.0955224114958095,0,2
0.9679988045538644,1.0393130660242964,1.5504335109347853,1,2
-0.08695997560602091,1.7768076988651464,-0.3090950523879856,1,2
0.33980857449043056,-0.7612894046425449,1.6107421557961943,1,2
0.4602186394350634,1.8630875180453552,-1.1375005960805877,1,2
0.9943504681243184,0.1771198300050302,-0.22282217575721136,0,2
0.08271820186318887,0.6271096001491656,1.1379567694000488,0,2
1.410161995301936,0.38002329904861315,0.018394215571319834,0,2
0.30941283975992473,0.012944845463113364,0.501062450038054,1,2
0.6241842724695326,-1.4980397753910466,0.8893462537723492,0,2
-0.8332625915372465,0.28794583381703676,1.9747518150865815,1,2
2.158659010704834,0.5649172812729122,1.3100396928669502,0,2
0.4698249232049664,1.6900914151753954,1.8743424284463872,1,2
0.7129974253450992,-0.3679422773818628,2.0813747939371465,1,2
-1.6081858112115415,0.018900632531785422,1.7329085574375345,1,2
-0.822702023079101,0.2767643140591607,1.265528649116472,1,2
1.2378836879187305,0.6426949397331843,1.089508999763814,1,2
0.2868911182926047,-1.3620508308526522,-0.237259719097402,0,2
-1.913779734828926,-1.4220517661401326,-1.2123682930597257,0,2
1.038289928983819,-0.8218352964075539,-0.9553115088198088,0,2
-0.5437828043527234,1.0862538362250056,0.7179855180647903,1,2
1.411316985876712,-0.1805943397534906,1.2414521596024293,1,2
-0.08783567860369966,0.8841964900282339,2.440812598004263,1,2
0.20470668602052994,2.058552816141815,0.9582027721244875,1,2
1.1789545785916484,-0.30177973741351005,2.003476290877664,1,2
-0.8974929708546623,0.7935542415894605,2.0793156564321205,1,2
-0.9928468078339396,1.0247567337507726,-0.231446797688791,0,2
-0.19649842039810733,0.5817316096361906,1.594690211370184,1,2
0.8271727996212221,0.4263303091415811,0.7564719582751385,1,2
-1.3308772526134907,1.1634958143064738,1.3221358940784769,0,2
-1.6680345998890966,0.6937979210284522,1.635843338265932,1,2
0.8237209270437923,1.1044950252055679,-1.1904837546883553,0,2
-0.6029783125670037,0.4289653911271988,0.16152465215384673,0,2
-0.3922260129202831,-0.34284465290983673,1.6481121618238797,0,2
-1.8568104019401659,0.47969053059753036,-0.18123103454670117,0,2
-0.6789793143519821,0.3204495138460378,0.44771503009506813,0,2
-0.007567296631150636,1.020882821002474,0.5458788377391453,0,2
0.9303778576228922,-0.5483455378650185,-1.0366228991646005,0,2
-0.7712301662346388,0.041206066781619685,0.5107079492135139,0,2
1.6573761202324966,0.9384843203953626,-0.3938351520346257,1,2
-0.6845560241798007,1.7041481416397848,0.3743758935986039,1,2
-0.6830918015851747,-1.0251791944441757,1.075722967494192,0,2
1.5373575518978022,2.016977048237856,1.356756290308358,1,2
0.21146015236391716,1.4663287721704166,0.695522192253473,1,2
-0.5520247290115766,-0.3169250736329463,1.4464610212451874,1,2
-0.15513313118059344,1.2082628254805003,-0.060092247755131445,0,2
1.3530735775420593,3.2340930807977313,1.0125785023518332,1,2
1.4662028196256818,2.001833969549408,1.6568185267201376,1,2
-0.816793179270256,1.4269847672264693,-0.7273677406591319,0,2
-0.042433810079108215,0.0853713816025881,0.040336405554690695,0,2
0.09015682766757308,-0.6615049197385101,0.6877318053933471,1,2
-0.9862401105165975,-1.8441204511675249,-1.5856033746002556,0,2
-0.05568505264999431,0.25508204386775846,-0.9204557562492998,0,2
0.005322860451700487,0.40802119227002,2.568206447063832,1,2
1.1402094789367356,0.08542372167264867,1.384723314585234,1,2
1.207425028311201,0.9372533160313247,-0.32358830140138917,1,2
-0.32920939835900803,0.6155852878612882,-1.5403543758484106,0,2
-0.21395314386081168,-0.4527575467621472,0.887836099889416,1,2
0.6642923020556356,-0.4488776202803848,1.5611865331764823,0,2
-0.5851884489270115,1.5098706831203152,-0.18675813480435263,0,2
0.5886401517374027,-0.07528838022137463,2.306999553404016,1,2
-0.08790648736921473,0.8697611871649563,0.3519307708186574,0,2
-0.9693985777386207,0.515269238451006,1.4712504578458936,1,2
-0.9568367128796466,0.5457937598499527,-1.3357205093045694,0,2
1.447058696031102,2.097327507202867,1.9375229217497576,1,2
-0.1564214791432986,1.7412817669850216,0.6650679627263928,1,2
1.640354093898311,1.9091596022138764,1.8630924536109084,1,2
-0.5136362607149101,-1.1515935334079561,-0.814169981986113,0,2
0.2912052011314934,2.1136597067412985,1.1770493475099124,1,2
2.3926767230182415,0.1473068853651801,1.3520029539376315,1,2
-1.0573867446632792,0.2595417655715384,-0.15403331657586652,0,2
-1.8978144998997766,0.2582461869972269,0.4045451930861567,0,2
1.2865901312872332,1.4851225588695809,0.7336029248074912,1,2
-0.8268091053930736,0.33695667606019053,-0.6490597530412794,0,2
-0.020706364106233777,-0.8438099785247232,1.6054833827939645,0,2
-0.5859182104515849,-0.34986741229571616,2.048952866361442,1,2
0.2681627809553161,1.8723486799617686,0.2391352549518232,1,2
-0.9505362071857422,1.1858345775189156,1.568444305594613,1,2
-0.1799400878833061,2.149376840957818,0.257321145298847,1,2
0.4498153265565342,-0.04473293418786798,-1.1846846436623242,0,2
-1.008308886274262,-1.4051643606769604,1.0338094413989762,0,2
-0.7000840296458889,0.9661296810041061,-1.7040996256474057,0,2
-0.3473828335985318,0.629629390338893,1.9268559135765413,1,2
-1.4288154342262782,1.3420034574210211,0.7472776874269416,1,2
-0.4225609827987464,0.3525405715204808,0.7884533969194714,1,2
0.11879653990290184,1.6443017102336905,0.4097512196232897,0,2
-0.39954894158842846,-0.8765648241831969,0.5811988119942524,0,2
-0.27137649293172456,0.6625702458938254,0.17365682317109177,1,2
-0.019901670906585355,0.10744870269731638,0.7177256087500634,0,2
-0.655743462432314,-0.09218232708695817,1.1133705380252235,1,2
0.6910625658668772,1.3305195285875953,-0.2560547928680381,1,2
1.4359781248017758,2.6119104774674904,0.8301255164202608,1,2
-0.46438039219544847,-0.49046216069371046,1.3812790155589258,0,2
0.4851982314777071,0.3951428190317255,1.6765947982456966,0,2
-0.23961715543464693,-2.7494353860385554,0.7173484576086773,0,2
0.3654873450385047,0.9610707995151594,-0.1903434881683701,1,2
1.5657795312032543,0.6869577140737946,1.4906069024558883,1,2
0.5086595430180988,-0.8184976024103849,0.8508609038591928,0,2
-1.7734145388096807,1.081450469628532,0.7257079833187221,0,2
0.4539956314469589,-0.32624368162382816,0.7849542886879182,0,2
1.2328637433090093,0.8225225129064125,1.3632630792475309,1,2
-0.2215961699981027,-0.37719287478907115,-0.0724123388305437,0,2
0.9956348061178324,-1.9168158717650765,-0.6083674959040184,0,2
-0.690115541151946,-1.131986440076961,-1.8979355185014963,0,2
-0.6603582332866491,2.1070534347705516,-0.7502190702421325,0,3
-0.8139471563478115,2.5736565949921943,2.785620748621306,1,3
-0.4424241571751838,0.7538052464429507,0.8868263287992036,0,3
-2.3375436932928944,0.4290930041554808,-0.6783498788411441,0,3
-0.3549833106849397,0.9891229116708524,0.5125949934312284,0,3
1.054545094620777,2.909935584980567,1.2576957212765554,1,3
-0.9215498692220887,2.8366237066273428,0.4833752380252613,1,3
-1.0616653192065408,0.40009801427487757,1.7581642172281733,1,3
-0.6909976439142991,1.714322971732497,1.3893053911044102,1,3
1.0323370247103378,3.704507551606156,1.2156987138859523,1,3
-2.023647761699891,1.5792150478041393,-0.04191971124232876,0,3
-0.7967930666060951,0.08299108689701407,0.43105449259965123,0,3
-1.7996574222976442,4.855821181598151,1.2293876614924595,1,3
-1.547004720844995,1.4710582676852353,0.05909333302501734,0,3
-1.0495903078819393,1.884333959313408,-0.6410159159875635,0,3
0.34732324161355876,2.8995247560451345,2.6937662407624927,1,3
0.8009906006887368,2.132404533839814,-0.05041994334854705,1,3
-0.5518578553732937,1.7724263181786057,1.4276362188797451,1,3
-1.3765947230234854,3.6216749850659404,-0.3202407423014329,0,3
1.4927388666385184,3.5032058696177506,2.7595472694492997,1,3
-1.4275544813295202,2.3219372011086765,-0.9034825372238406,0,3
-1.5711359143597372,2.0762891917182107,-0.7352632617603321,0,3
-2.774943044578727,0.49668260963831545,-0.9698180632618253,0,3
0.39609156924474354,3.777530191740274,1.3234650509506103,1,3
-0.03175440762870596,1.6568673419882507,-0.3730506595686418,1,3
1.4178055361164459,2.7832867981506455,0.5214715052422337,1,3
-2.389523352218126,-0.13938990546456886,-2.152365822854285,0,3
0.45817080747910954,0.4591411493524804,1.2404213541280904,1,3
-0.9298644816338726,2.8182912026531146,0.4997851412437374,1,3
-0.19389978319986367,0.6909007328050919,-1.488056743931853,0,3
-2.647777141104471,-0.4891675712972732,1.0856094029740586,0,3
0.4680818226652972,3.0406095029470754,-0.3076668983849393,1,3
-0.2134832486681696,3.620080771050789,0.7969436900282153,0,3
-1.0389100347862175,2.8895602585800617,-0.7010408239878044,0,3
-0.3548873123388786,1.2426821147343274,1.601571377895426,0,3
-1.7654953010422492,1.5088453066969456,0.7495505389261462,0,3
-1.5794400855816995,2.3877062567839134,-1.0080478708740281,0,3
-1.4634446136253962,3.622128019834907,0.08291744778969368,1,3
-2.852727861690278,1.1564642811743013,0.60552520522431,0,3
-0.13824150579663286,2.5341777157245744,0.7376218692898332,1,3
0.19159361418256626,2.8006148067645364,0.8306574929786344,1,3
-1.7013441497638415,2.0538763202788317,1.2722388617720979,0,3
-0.6517969840551812,2.366923557988733,0.2513111266300435,1,3
-1.2655404746292362,2.3799147549312556,1.0912937721754545,1,3
-0.6717260379189696,2.879832329754388,0.954627793652306,0,3
-1.6275772412110292,3.7095207024428865,1.8091174883856003,1,3
-1.8834251560876358,1.9774105734360883,-0.1596126675206725,0,3
0.05207488602374255,3.2191090700229283,-0.2889058808526582,0,3
-1.0638705851244925,2.1135542377735828,-0.7388154625209316,1,3
1.0221089508534758,4.122973448629381,-0.05624499266519578,1,3
-0.95369003520586,3.0425154435355504,1.3183592265747337,1,3
-1.9260780403504922,4.7710261222145895,-0.1378821889422362,0,3
0.22694087643593885,1.3075180732175222,1.0749270785662264,1,3
-0.3691998358539802,1.8106547477826584,2.0392536096340605,1,3
-0.27312713630357643,2.918797828200548,-0.18732310906227445,1,3
0.19060067886791865,1.897234052978992,-0.23618030223264996,0,3
-1.6527962938457945,3.4501389841750187,0.1887109634112177,0,3
-1.1272533089852876,0.8316253167004661,-0.704159937574516,0,3
-1.1714498314877932,2.404918518693884,1.431477113927417,0,3
-2.290746536915618,2.662463004681996,0.9085868016131475,0,3
-1.2635901501582434,2.2046478322206475,0.2901333270887555,0,3
0.3363794578768242,0.53900365807568,1.7942317793285865,0,3
-0.762661896206153,2.907758805254198,-1.4988952796101422,0,3
-2.3460613278449878,2.7293249313154138,-0.007726281105681772,0,3
-2.555839411664935,2.0995845197903775,0.36633696893406104,0,3
0.6647760587482714,2.704347687208954,0.08544495320607792,1,3
-1.09031901025513,2.726108010044371,1.3007145418177284,1,3
-1.6474102057016173,1.4212642077606223,-1.106582493787878,0,3
-1.2739917648970032,2.140785134252642,0.6905573182742532,0,3
-2.477307754317332,1.5311348529449775,1.0578347681289066,0,3
0.42309514951161975,1.6514750246473588,1.2723334011283283,1,3
-1.3930529375860297,0.45140835517240796,-1.8527978150649458,0,3
0.36740152773842194,1.747963746347708,0.033206478833965436,1,3
-0.9483482855526848,1.7221322425494519,0.5647100032131608,0,3
0.42953197456843983,2.4730441635647926,1.0211986435123659,1,3
-0.7433055009569146,1.7153437932887492,-2.694002617692488,0,3
-0.14676733713092405,2.000813133546111,1.2428303838682404,0,3
-0.2809069539116632,1.8726790740831212,1.1366565062538323,1,3
-0.3767089337480293,3.965660168345348,0.18092533599995497,1,3
-0.6520655228172894,2.232289172952526,1.9949555975666642,1,3
-1.2328507161155848,1.066573015218491,-0.6775400129068989,0,3
0.9154346915728602,1.9823862373324523,-0.6884521176042147,0,3
-1.9069369850959008,-0.3365102023750728,0.3583526510140362,0,3
-0.9956923576568403,0.7094655502770807,1.7810384592422948,0,3
-0.9851141247924046,2.481072798691833,1.6235871779728863,0,3
-0.5975592466564785,-0.23742192906211068,0.35971149890410664,0,3
-1.429472645894501,2.617574196933156,0.46238565885031974,0,3
-0.6852536944104122,3.0111365663591347,0.791498932084825,0,3
-1.1688425852029662,1.1305446621762516,-1.256983675369349,0,3
-2.581952517437899,1.79181276742631,0.6441483371519825,0,3
-0.9904477137431535,2.6190870848510266,-0.7340734681435281,0,3
-2.1005653330301515,1.0332108119564802,0.3184780667965807,0,3
-2.734385762448901,2.3677755205261812,-0.22746762760733732,0,3
-0.863126679310615,0.8288512048693284,0.5012083271142144,0,3
-0.5121166579804335,2.022397706666821,1.11810346500646,1,3
-0.4733019578954236,0.7006635356750263,-3.0730302708212998,0,3
-0.4328292929803058,2.8426471991948032,1.1788917117051807,1,3
-2.9325890209406102,2.6579690525655497,0.6421529522992627,0,3
-2.3610169279074693,1.3158870678828358,0.4459283483384537,0,3
0.9735214368136709,1.2287508400875968,0.8974140537914204,1,3
-2.0472087600770363,0.4172931777131843,1.642161691930406,0,3
-0.3891589688633109,2.8945994213705406,1.311373129121661,1,3
-1.686937621665846,3.3441164133942696,0.4376733001931063,0,3
-0.9203272607324355,1.8937249993143976,1.0444918940505687,0,3
-1.633254202273594,1.1131034493487473,0.3625929996965988,0,3
-0.4384588453803552,3.266183966850284,0.10198224658579647,1,3
-0.8632258826833009,2.2605013644132534,-1.4383374137796223,1,3
-1.4482897736442335,1.1217147826357936,-0.47712090201808144,0,3
-2.0501721196807106,0.5415408943047364,0.7609455258811165,0,3
-0.7322258025074889,2.908448844246356,-0.35309633141780583,0,3
-2.21271879904259,-1.0392079174956637,0.8011783722817295,0,3
-0.5725189578791615,2.2978592002792695,0.148728175920273,0,3
1.6264849090369,2.0362550622024633,2.2880660702621847,1,3
0.35017005126201206,2.0896592685483872,0.7047832928793389,1,3
-0.28165211310583715,3.1923151561178127,0.46761482656768805,0,3
-1.0856072977411477,0.7858689077999487,0.5058850645353592,0,3
-2.9387526270035256,0.8199308459715898,1.501601872631193,0,3
-2.3222863959001843,1.3696057610804697,-1.706637306334278,0,3
0.28279285610271354,2.9138473858122382,0.5415917254468424,1,3
-1.7897560801247798,1.0581442177071305,0.8485161053885039,0,3
-1.6992520981640467,0.9261410694641146,2.545896479778648,1,3
-1.1656504756840214,1.6343018191182346,1.2400715126420803,1,3
-2.0620462588465545,3.7813338564645194,0.707295835578513,1,3
-2.2267687345516363,1.5747767891355116,0.7571183686744447,0,3
-1.050474072781422,1.951087283703822,0.868702675231683,0,3
-1.8915294546720363,1.2385787928269625,-0.3596616786673072,0,3
-1.7410185797788948,0.8405023038267304,0.3303073121775462,0,3
-1.781191026147006,3.177569449875411,1.1805272624119694,0,3
-0.4776397861655314,1.3118081429489195,1.8904589932744518,0,3
-1.2321256904953573,1.0566301204728732,0.7426049592352919,0,3
-1.1785719678938538,2.5961423663553393,0.044138896665593126,0,3
-0.40305410269111674,0.7776396411326147,-0.05407517603790821,0,3
-1.14203960823294,0.9052726562260033,0.5573965571936229,0,3
-1.2782537684571729,1.510246684016898,-0.11567284247945017,0,3
-0.5295496444298291,1.5002701040881796,0.18964049902238825,0,3
-0.331802156442369,2.7596113479032143,-0.0578762645308748,1,3
-1.1470734995086043,3.591669089395488,1.297057196491159,0,3
-0.9193922243794784,2.8362482463523704,-0.14018472714867847,1,3
-1.781790229733328,-0.8780539627508004,-0.4321117604530126,0,3
-1.8606830431645256,1.8262989434315609,0.09759326085181382,0,3
-0.2308524980331923,1.537879994489599,1.9909868798886388,0,3
-0.5550579374553783,1.5434500243514577,-0.42268298485232736,0,3
-0.5447015615834239,2.7459473093961706,0.33398418603960367,1,3
-0.7191456512744778,1.4713217123252007,-0.5508169173337938,0,3
-0.9537967241850465,1.447387906944611,1.6588971676113125,0,3
-0.3035881091772308,2.113044209770786,-2.8123469935060212,0,3
-0.06489123897721616,0.957919202805499,-1.002738012148587,0,3
-0.08877199480935238,1.5523136643608244,3.7312887091595517,1,3
-1.1007779159459867,4.523781452622391,0.5908820734916369,0,3
0.38699272990883804,0.7841425562187666,-1.10598494933922,0,3
-0.7715393182676789,1.6001429124600766,-0.04191798217477153,0,3
-0.36762380743420153,0.004339749124632641,0.06745456606786167,0,3
-0.7179121091651203,1.616468415051422,0.8461252459056059,0,3
-0.7529932925158259,0.5667744493106649,1.8395020028225635,0,3
-1.7357519902503196,1.057527057149989,0.38855168127921547,0,3
-0.29864916165517397,3.5450646657711236,0.46021169698703923,1,3
1.845294394907639,1.9720095683780738,0.7870844420982043,0,3
-1.3747950747900832,3.068409524574819,0.30174730313713893,1,3
-0.9290052845750518,-0.2712048383918628,-1.0333374959890294,0,3
-1.4462052643472623,3.336895169829013,-1.759908871956445,0,3
-1.4880199015619344,0.3081186890581249,-1.5651283945004009,0,3
0.5444494781186728,3.028560814293865,-0.8964451561242719,0,3
-1.6729710177274648,2.521543865981486,-1.177789767700871,0,3
-1.4740804733663613,2.07733274178468,0.31323652737471736,0,3
-2.587492823731301,0.6450152190916185,-1.1994018258240353,0,3
-1.7576117245422473,1.651589844819523,-3.143666302024744,0,3
-2.7083998929533477,1.0290785893551402,-1.0439117745894657,0,3
-0.36819530078807117,2.529039571505292,0.5281403522785806,1,3
1.7996972218373095,2.25012774091444,0.3945505121280346,1,3
-1.366678793650522,-0.5386105065724083,1.5195246793091843,0,3
-2.6667579329902376,2.6217841509845883,-0.6135425592891501,0,3
-0.10000033557026677,1.418892843450639,0.8809234631991979,0,3
-1.726924958930157,1.015199600497763,-0.01898259968086171,0,3
0.29934693055354034,1.9396727671702323,0.9576952743274013,1,3
-1.2820290477899448,2.8584595763667684,0.16461971115196306,1,3
-1.6318156890827806,0.6062436617055278,-0.058782651580767155,0,3
-1.1779575557456865,-0.7551755584740434,-0.7650961268974169,0,3
-0.24222323906381282,2.907129803208276,1.1700243142545705,1,3
-1.2274206307556565,3.019102997956822,0.7637503673763117,1,3
-1.4967247027937054,1.300368175322367,-0.9446279331916002,0,3
-1.198831602978872,0.3520971248099911,0.9918943397005953,0,3
-2.271855184500885,1.5889355408892853,0.42684048002142533,0,3
-0.6029683977060198,1.0354676316864113,0.5519372658577517,1,3
-2.78672659384491,0.47276940331234063,0.14549304703531002,0,3
-1.4441214543655154,0.7493020634958388,-0.08382252150196365,0,3
-0.24061479116925677,2.343939070891556,-0.8675909372632739,0,3
-0.6969517170672832,1.137389049563083,0.07049622902116384,0,3
-0.4096794270136097,2.0521335882235396,0.37898824519262553,1,3
-1.0650456727188091,3.4546925154112462,-0.9449338356200992,0,3
0.16974618098551675,2.852462497188714,-0.6227673302665249,1,3
-0.07530080323020805,2.838994510474826,0.6413926464613693,1,3
-0.5538589957523254,2.130299254791225,1.5669706595837234,1,3
-0.07245422268645696,0.9036283323632223,-0.6946593533788596,0,3
-0.24957644559642322,0.31359355998284943,3.5207086921579696,1,3
-1.4394635133468903,2.468740531923558,0.8856856536527323,0,3
-2.3438989116913334,1.9483097057563792,1.3043301326604781,0,3
-0.5796378741573762,1.3208340067865867,0.7952430120737586,0,3
-0.4539107691685713,2.362773298163744,2.852864974938573,1,3
0.09047199113856541,3.236144262261055,0.21299801652745787,1,3
-1.9363212750452936,-0.054710073079853094,-2.5607373856586215,0,3
-1.9064310592771632,0.9101186684461945,-0.44612560835288306,0,3
-0.5400997336922296,0.36369713710746954,0.5582185755475376,0,3
-1.0711669888530866,3.271509282486746,0.15151697174797846,0,3
-2.8857616105711283,2.3756555318533006,0.2754726109677837,0,3
-0.6248918362458092,-0.7026926411353642,1.3209100026698724,0,3
-2.8524229149889546,-0.0137616266399756,0.3820575744624996,0,3
-1.9452565518733762,1.3676543266425136,0.7989129275910215,0,3
0.35168137286010714,2.0275597879275753,0.0604372581472411,1,3
0.8248790178071153,1.1756177919231117,-0.09539368921603675,1,3
-2.2156563684719615,3.4447622376504894,1.6141139230244876,0,3
-1.3293915374126943,1.812539913982579,0.10090153514706786,0,3
-0.957377476921294,1.9748163228630915,-0.6232291834461349,0,3
0.781226927581568,0.8079850507677862,-0.6213944935471182,0,3
-1.4928689478244015,3.2222741471780023,0.3508768783617424,1,3
-1.476884023033278,1.1195672390179883,-0.7089590210458417,0,3
0.5487255584628619,2.2166568262925006,-0.2831478026036598,1,3
-1.374789152718258,2.11100195982526,-1.5004204022205085,0,3
-0.2777982910335425,-0.1289975650602997,-0.19500437765441916,0,3
-2.4771429651124275,3.0970278598509826,-0.5929258703203995,0,3
-1.1712327440923263,2.6823892147238757,2.107159285443295,1,3
-2.6595968383264044,2.7809442087804244,0.29307665326691656,0,3
-2.0554337809557044,0.4245802433811816,0.2653176800779831,0,3
-0.16079864484773665,1.576834875971807,0.25687959244554937,1,3
-1.0499053910867127,0.3380997784001878,-0.1210284157799757,0,3
-1.3191057405529747,1.750297672664839,0.36100110363144033,0,3
-1.7487496239809177,1.565983301918246,0.7161957397126754,0,3
-1.2206560732412828,1.0355881807688194,-0.09389182651836551,0,3
-0.6988868328993063,0.4859308071147206,1.079123779324209,0,3
-0.01708379353823819,1.2334037302691576,1.0079893089079428,1,3
-3.6251466840968023,1.4515160995293441,0.7928471185176799,0,3
-1.8317611742628097,1.0344132204113998,-0.4898522085891503,0,3
-0.8409037578109942,1.8143930076417378,-0.8125883665686418,1,3
-1.098863115962286,4.047089486131609,1.2683589880185226,1,3
-0.596623757473275,1.417674321807266,0.7253240631466256,0,3
-0.7324597138734461,3.7700429339269252,1.5753473318075695,1,3
-1.3048678629934072,0.9667478173173034,0.42218666143744,0,3
-1.5268531959871772,1.744776283798657,-0.3485869659549873,0,3
-1.245501489735501,1.4445239837436652,-0.8067462514455923,0,3
0.1487423498227427,0.8023776904818773,1.5517282690437804,1,3
-1.7320079329057143,3.928338306263913,1.426447416198275,1,3
-1.0628067231439555,1.364846392967584,-0.5608990908438263,0,3
-0.816657786001579,3.2464182196329605,2.109424189192057,1,3
0.560350929874458,0.7479712775384406,-0.8828655145476005,0,3
-1.3003082582363132,1.3351556184202353,-0.5835233787910404,0,3
-0.041193343989039066,1.6331476400766451,2.636425212341665,1,3
0.2319794032650222,3.735998482763393,1.8685819377339126,1,3
-1.0637542649906482,1.8114093474506756,-0.3580093058910226,0,3
-1.2107189790767625,2.867053526680888,1.2873807096435506,1,3
-1.3290536720482162,2.858184147104979,0.15479224452383833,0,3
-1.2558231342425823,3.656341296899023,-1.7456138649773782,1,3
-0.14576013942316723,2.265342536136285,-0.9064739494733817,0,3
-0.7689900227444861,0.07827265296253727,-0.050846617109281525,0,3
-0.7647102908301306,1.8043208804833164,0.6433885234406937,1,3
-2.125223510379835,1.4961118639886473,1.2471025648304206,1,3
-1.9674900773752344,2.2275336936257992,1.12948231294792,0,3
1.14344682477698,2.6706519417500516,0.6784642153460725,1,3
-1.1778257252886897,1.1094875663694053,-0.05765479612286484,1,3
-1.77477199557836,1.3112557869887724,0.32485165851104525,0,3
0.4310991655892973,1.0058876642812216,0.6733766664321965,1,3
-0.7181914513164479,2.4468435119302403,0.8439364991780973,1,3
-0.4218450831354784,-0.15537250398718472,-0.29177371915307865,0,3
-1.1380470752815337,2.028827493384613,2.2418378000109858,0,3
-1.3186730905768043,1.8779626260340736,-2.240704260997945,0,3
-1.1695863724972904,4.407948493346882,0.6116660968673538,1,3
-2.3827381702986266,2.3478732894973424,-0.0036890256483920517,0,3
-1.0879274094198974,1.0770857441774973,-0.7811424922827788,0,3
-0.7039669229573826,3.318070093274486,1.899825832128283,1,3
0.8504632338437539,1.1023361190548215,1.8132576787196393,1,3
-0.9140009349947845,0.5375273963189146,-0.04775461848854061,0,3
-3.334177042210305,1.83314253207511,-0.27067375534369414,0,3
-1.0939854327846215,-0.6582496627479273,-0.111956834231647,0,3
1.7395041331083059,2.462839215066117,0.8952133463521893,1,3
-0.13363376501496027,0.4797367078815793,-0.07837302812576266,0,3
-1.8108889438085887,1.6013070551532635,-0.1879991015167995,0,3
-0.40889348556944327,0.4222636419527366,0.2524493145923928,0,3
-1.7420134248897403,1.9242481374551887,0.7532120648278651,0,3
-2.3538075195468577,1.5193274236673897,-1.2302601475985768,0,3
-1.348369363234072,2.9003659168813307,-1.050663899233149,0,3
-0.9084735607611388,1.506734534101622,-1.7485180294835236,0,3
-2.8721555024333956,1.7313571950385338,1.8663974003575996,1,3
-2.149159290538636,1.2531141441727172,0.25032329319046315,0,3
-0.9896644368176453,0.15576360298326852,0.5052675159327706,0,3
-1.4081731759889542,1.90613725470544,-1.4294982383634685,0,3
-0.6051887288539093,3.0898502463152724,2.784948122880138,1,3
-2.2146683273085612,3.969196036692818,-0.6088509081453577,0,3
-0.2858862514466993,0.8781640093955952,0.16820580711125588,0,3
-2.1837590970601948,1.2322054263248172,0.8543846606783719,0,3
0.6427343019376299,1.9242414755617845,0.01302024420392811,1,3
-2.7157582843783166,2.712113701131224,0.4536756414873332,1,3
-2.0925542703834124,1.8816905344796138,0.17917177460087425,0,3
-0.5826291969681707,1.4466251555714893,2.857473075464706,0,3
0.6642332514976381,3.586325916873032,1.3011247428520243,1,3
-0.6849569638838293,0.8830204962452225,1.6063611506307183,0,3
-0.4371420798176089,2.486174047890712,1.2056731451919556,0,3
-0.9824630983269416,2.0384978536410827,0.36801003649451874,0,3
-2.0263984541151934,1.4879700801010536,-0.9891957716306787,0,3
-1.4901383482393793,1.1850633592428546,1.059753610818235,0,3
-2.2119097199812767,3.9266677587313694,-1.498110341648047,0,3
-2.2787099677768716,0.6829913492579206,1.600875123677092,0,3
-0.5982510806802536,1.7979331769684146,0.2000053082182553,0,3
-4.650223547298176,4.814675348928969,-0.18617106266411843,0,4
-2.340506095031839,3.005323006627107,-0.6467589164795713,0,4
-1.3460521790770597,4.7818962258649265,0.5228796669176042,0,4
-2.237023873039767,3.750201124946319,-0.5552259441702052,0,4
-1.2849941890064267,3.307108362582422,0.38614690099219057,0,4
-2.8500241677122955,2.9343693181134136,0.02825537151004551,0,4
-3.305982372787607,2.3759585601207895,-0.3039346765201432,0,4
-2.0714454030476053,3.075791549964353,-0.3281428321466607,0,4
-1.9684343327100853,3.8973614590200243,-0.5081209924156869,0,4
-2.3483843510623212,2.9868885690033293,-1.6458011720890138,0,4
-0.7727088533578075,3.683377194938142,1.382895095161692,1,4
-2.8502073751390578,3.7492174658222273,1.2315468252783206,1,4
-1.6868343926676506,4.992476613583054,1.8496702524484938,1,4
-1.9320300288363748,4.2251614550998555,-0.5314569023067949,0,4
-3.5567159521360834,2.3328494862316296,1.8953836254766674,0,4
-3.319030183668512,2.3314121425525105,-0.3797359478496331,0,4
-1.9880889837513687,3.379358919667112,-0.8751096421946959,0,4
-0.018800001313036052,5.527532064757255,0.006315080157335173,1,4
-1.4207301881011891,4.14599030831256,-1.7339224032296623,0,4
-3.725634825144633,1.7481477878200884,1.5326278923931278,0,4
-5.110488065119338,2.735924030008138,1.371067390768662,0,4
-1.2669464069956202,2.069396445310488,0.600745162884758,0,4
-2.096213482928199,2.732487478084742,-0.8960888077757798,0,4
-0.8587340304896305,5.604409996035354,2.8112676815591198,1,4
-2.8807179207114415,1.5773993512169828,-0.35171916152165594,0,4
-1.6497875021414738,2.38113470671981,0.7309741687733476,1,4
-1.1538265369721374,3.1714458465663977,2.437259080436076,1,4
-2.447463638206482,3.287310602575993,0.6589105844808723,0,4
-2.4260855702310655,3.620754820640757,2.2011031387545934,0,4
-1.9747371689016096,4.437448434861533,1.2487222603190196,1,4
-1.4573236534396712,4.175685403231016,-0.3970307995787248,0,4
-2.014334004511911,1.2369144057660708,-0.6118048834597958,0,4
-1.0260036622405135,5.1883365383589375,-0.8469961771906269,1,4
-2.46193518926703,3.6879046799537085,0.7214042271937955,1,4
-3.3283952054631096,3.7314943098048676,1.1445933388273806,0,4
-0.023024631886820135,2.6765745732367954,1.598834172656069,1,4
-2.6046337365424463,3.00495669700907,0.020308006560405812,0,4
-2.5684420837177475,3.2362707705890137,-0.9949344438163292,0,4
-2.0658033210721842,4.155751037498418,0.22687301801273724,0,4
-1.9328188903460188,1.4147453773922347,1.0128137051953732,0,4
-2.3866836424882827,3.0307525485349043,0.4307192564699845,0,4
-2.017433896949009,1.914764708857857,0.16673516963335916,0,4
-2.039762231428174,3.505496044208275,-0.796957653281206,0,4
-1.825180672979193,4.777216536456126,1.8671818141120127,1,4
-4.3574874589873165,4.287170242508088,-3.131904818744181,0,4
-0.11912369299215064,2.4649705456916253,0.382845708865145,0,4
-2.1472883135345575,3.9272264856887906,2.5703219809445987,0,4
-1.4193773805530148,4.360901587477053,-1.508373387331847,0,4
-3.378101341534024,1.3567530301445332,-0.241369454701366,0,4
-2.4710002612492503,3.6123449200984505,-0.00791099012472641,0,4
-2.6723158663204147,3.958511253780106,-0.4625828140565771,0,4
-0.5302762354914548,2.7412736136125626,1.0363742425589795,0,4
-2.585813606835883,1.7892264224748915,0.472451014355301,0,4
-1.2419200130599086,4.942955756109663,1.1523003725473193,1,4
-2.6504204526731954,1.8004911724422432,0.7972725611692801,0,4
-2.452618939653944,2.8216485654890975,0.0167507090717422,0,4
-2.2455501652006857,2.959875942196671,3.179864488823514,0,4
-0.7161548731706997,4.715538051704,1.151346933656741,1,4
-3.889852659030119,2.3733684404874675,0.19528209848970435,0,4
-3.3156635552744325,2.315416311172145,-1.7104680495732754,0,4
-3.9473051656898166,3.098915478763111,-0.5434503273034238,0,4
-3.0875021197614503,4.00639047761975,1.1473776817998096,0,4
-2.8116000511921073,5.287450000653147,-1.3354568503598725,0,4
-3.6144812540903892,1.4925188002212255,-2.157557174301955,0,4
-2.734147746614669,3.315342017786578,0.03231547118757482,0,4
-4.014714480933415,1.9134649737657081,1.370744507474978,0,4
-3.0179887237676812,4.018811243206743,0.042381228696125636,0,4
-0.7995796000897994,2.061455452690767,-0.3361246026263436,0,4
-1.5964119297188972,3.3253517818176763,-0.85848793774098,1,4
-1.8125323278274723,2.4107291409360037,0.45225412270219334,0,4
-3.0027785562791145,2.923801061280196,0.6612751088830449,0,4
-3.5360849590447243,3.3231975968587073,-1.7817324991011003,0,4
-3.139156075534281,3.4837013936085137,1.1345324486972188,0,4
-2.043209826896015,2.994232453817217,0.7656955258921091,0,4
-1.1318232202733318,1.6701089775594187,1.1323159425473455,0,4
-1.0976325828646796,3.7277861503101892,0.5835250918333419,0,4
-1.3693876375166671,2.947041336336972,0.6536827088113185,0,4
-2.737556864067944,4.161734790014699,0.5207208987017389,0,4
-1.9754501675960119,2.2922612205200634,0.8684723215011957,0,4
-2.3213425300372457,1.3977252726490055,-1.8187577691239185,0,4
-2.2011897634947504,2.9659739973169246,-1.5010594336215146,0,4
0.037127896959813,4.295952688284265,-0.7360079001897717,0,4
-3.7620002370036127,3.160942136616051,-0.12982017167255325,0,4
-2.2346768159222608,2.8003302008271436,0.3881369233081794,0,4
-0.7882510928038433,3.129652982342567,1.3246816532288501,1,4
-3.465891495033538,4.757766466680822,1.1171058114560313,0,4
-2.6437474252662505,1.9703974051152207,1.148495298580351,0,4
-2.5290384975676394,2.27460574237176,-0.8723851082937929,0,4
-2.2232897220539845,3.570034196084023,0.23857611005047125,0,4
-3.5959571596062174,1.1439793101132103,-0.8478315477218382,0,4
-1.4047139396619606,4.274590665381339,-0.18824703835356665,0,4
-1.333712717486856,4.624193114217356,1.3217913690484948,1,4
-1.4916246749820523,3.89923107181111,-3.4087120764716907,0,4
-2.8703736742910815,3.558117011949654,2.4112440396396844,0,4
-1.913489209212705,2.83887648254363,0.5664086773974751,0,4
-2.8994402395690875,1.936851289844577,-0.595703275413406,0,4
-2.3325966607715127,2.8599245587750395,1.927369755230228,0,4
0.15346792717087787,3.024763688247365,0.6525688295138057,1,4
-1.904304622403744,3.4861553100763834,0.13251938582805775,0,4
-3.1875265759871736,3.8067798305481015,-0.48711581039762725,0,4
-1.8196646593360861,4.476808631198208,1.6519918374433393,0,4
-3.3517959260633097,3.3717676405528634,-0.10498470630588037,0,4
-3.199010392515012,3.924575356595186,0.14948410073950924,0,4
-3.0411231359487907,2.702855262769858,1.2037821530254462,0,4
-2.4443094521956836,2.521722861991805,0.5851394574610765,0,4
-1.0630310044107985,4.473671890816801,0.945651934865928,1,4
-1.4216018019831609,2.613527127283091,1.110390972357463,0,4
-1.4770046717526717,3.2691857888276576,2.538483229427952,0,4
-3.0989245655905426,1.938807810664579,0.3174104487994213,0,4
-2.5413143554356488,2.118372317523699,0.11676008787256639,0,4
-1.7279988931168115,4.63540930101829,1.1706270836190815,1,4
-2.628319985388413,3.8866900754060962,1.3104295008315177,0,4
-2.2783664403010984,2.0143438310333197,-0.5991977350329224,0,4
-1.5586413074700505,3.6706143105064206,-0.278317559711661,0,4
-2.348772681201302,2.467264326964725,-1.5374429491266413,0,4
-1.7739404108979748,3.01650517620031,-1.1838678626399737,0,4
-0.4072715439804315,4.416944415790647,-0.5178000026979704,0,4
-2.1718587989869977,3.8074872340229486,-0.05593699406042271,0,4
-0.8206621902807938,3.795871988022193,1.7690833257701195,0,4
-1.4406299326926417,4.908790358456967,0.5359928049252244,0,4
-3.4672419934867666,2.296120658950202,-0.9120785101897938,0,4
-3.102137029263524,2.0141250250074543,-0.7279804853641153,0,4
-2.833595883069896,3.2778777297714092,2.3747486832306546,1,4
-2.8548349169327834,2.745498946593385,1.1266103486291923,0,4
-2.0902897461068144,0.6454493857081065,0.028149910224203063,0,4
-1.3853559519181777,2.7925717633031897,-0.44252646553883224,0,4
-0.7448415832952773,3.455429268105088,2.1249328357046426,1,4
-1.6918249112749177,3.783759767397799,-0.9933271267246865,0,4
-2.44567955605321,3.35241937901004,0.39203039805752304,0,4
-4.082241243629874,2.399303372230663,2.2726589908933312,0,4
-1.929410424582662,3.5899608453629037,0.20535568225145748,0,4
-1.9742298063050088,3.7232630598237697,-0.7756094792616043,0,4
-1.8170712464610423,2.2314542102085895,0.4103687026715378,0,4
0.10624029770333276,2.5069757446175815,-0.4700087190153476,0,4
-0.7594034538069279,0.7746368129020174,-1.3941158437534145,0,4
-1.214939081750014,1.9093400256307151,0.7010360268721068,0,4
-2.9620771300715996,2.2575304395764215,1.1178344005497223,0,4
-2.5129947491967437,3.0741661766060218,-0.31090667207257267,0,4
-2.0948446069285023,2.054617320640185,-0.37723567409627334,0,4
-2.7754071240103535,2.486548012950891,-0.9615653911218296,0,4
-1.499535475014882,1.774669318417401,-0.1499356004675666,0,4
-1.6430911507842954,3.171113898531271,-0.5623683829231909,0,4
-3.0883077930546925,3.4257145945849077,-1.0110326867032555,0,4
-0.8031832909038756,3.4023653484198224,1.892168830399606,0,4
-1.8976896661911398,3.0123611319052594,0.4664928167495073,0,4
-3.7290711467422515,1.4589270034986057,0.5723951080293523,0,4
-2.0513428583449693,2.3800463361071493,0.8833995689324271,0,4
-1.7187935440770952,3.5926933276815154,1.7710362167598053,1,4
-1.0272076385642595,2.5967046870793746,-0.4131099527967148,0,4
-2.337476403126616,3.074981217989836,0.2725526229714672,0,4
-1.172061732552793,4.425541372371018,-0.2690304842606603,0,4
-1.8128580132297842,4.8120962126846,1.43846362477666,1,4
-3.3150546090375794,2.0124822201513055,0.3416908859581642,0,4
-3.4151667734825137,3.6784028752966336,-0.3826602608642019,0,4
-0.8774401298506513,3.6403023676657362,-1.3292987229217992,0,4
-0.8040158216182309,3.1939325270484353,1.1462370569655076,1,4
-1.677090769595277,3.848865922635439,-0.20426948780729892,0,4
-0.5042932788199714,2.8396233640547366,-1.8903722477087583,0,4
-0.9433901509583933,1.5900465099855552,0.5076617688887175,0,4
-1.3163712705202788,3.4552027246371417,0.9653421122427754,0,4
-2.9113114887336717,3.216961823614524,2.5283564752089505,0,4
-0.2685712489676566,2.772322370814172,-0.39119750332066106,0,4
-1.463698567791727,2.9625469150167003,-0.5387118965490677,0,4
-2.3858387746116216,2.280914521111538,-1.1094210304392413,0,4
-2.668270005305298,3.6101305037971096,0.2086419064870071,0,4
-1.743216218486143,2.956549365491074,0.2023181805583551,0,4
-3.671059084838455,3.166448843948228,-0.8112963347867491,0,4
-1.3003267246471375,4.3571419244288725,0.8250701179961599,1,4
-2.953570814694027,1.845414385573675,-1.9786656668893567,0,4
-1.6293918911757133,2.105716978117948,0.9263767478332465,0,4
-2.5216203373581596,0.7900555403837908,-0.7706792596721668,0,4
-2.2644187127247037,3.564742258490407,-0.03465635141297929,0,4
-2.756909872765065,1.7877899762532337,-1.426693421297779,0,4
-2.1612294311808014,3.132569709895652,-0.5823535994615734,0,4
-0.11062045398264608,3.370988224939553,-0.2795911535175272,0,4
-0.6149403729513594,4.602352838892521,0.9887091530391698,1,4
-1.6455210450045432,2.7959830861639405,1.4797325155225118,1,4
-2.0252942655649524,2.934838381859309,1.4390750834862203,0,4
-1.155798809307115,5.6702804207877495,1.7327109427693563,1,4
-0.8700296058924435,4.714314679984316,0.9621645431462449,0,4
-2.829818382207529,3.9873230940269506,1.4461041099431382,0,4
-2.0774388676322024,3.3374931388188394,0.5697078815226975,0,4
-3.8219582295680805,1.9948936111546225,-0.03670719561899534,0,4
-0.8768978897391051,3.718621625391053,1.0091119062550553,0,4
0.06502425770085551,3.8419787712531592,2.073009285961657,1,4
-1.9199173753769145,3.560528275272844,0.6485658379660353,0,4
-4.125010124903016,2.3671565451478833,-1.454627597036103,0,4
-1.391109483422969,2.827066887160071,-0.8414601530946475,0,4
-2.90408916614908,3.164147360076425,-0.274854104030484,0,4
-2.66334944166446,3.2462780914938585,0.7796210207358992,0,4
-1.373423610208996,3.4937227144602483,-0.021346419070559747,0,4
-1.7454458744872756,2.420805015475101,1.1368686334505633,0,4
-2.4881087753386018,1.6567155478897972,1.3152366287442812,0,4
-2.6496056326016646,4.624785039899795,1.1991704686772062,0,4
-1.8741639447791671,5.489254169023358,1.2055405644802868,0,4
-2.4094655525123674,3.4474207112023785,-1.0369939046587182,0,4
-3.109237133603007,1.6760079052698895,0.4826354994557758,0,4
-2.33256318147836,2.226804883157123,-0.6075290409554163,0,4
-1.660407376744816,3.509117569050969,-1.6490663313591984,0,4
-2.1781034668196333,4.3411156116812855,-0.2874711320558362,0,4
-3.4135085982481854,1.7871093654581438,1.3247369656272514,0,4
-1.0109353786244606,2.875667179151099,0.4607420101184635,0,4
-4.738811436943333,3.1959320644439693,2.017809371605892,0,4
-2.446365155028435,3.8645784512858747,0.17723014526811154,0,4
-2.6201984545539156,2.6563989055996204,2.4478027535929074,0,4
-1.8518211221285852,2.436185308678075,1.1775212255170513,1,4
-1.4383381921972647,3.6211975594529022,0.022480296153736364,0,4
-0.8732351917389647,5.124795965171238,-0.27939008792149633,1,4
-2.71240487335216,2.9174085382548394,1.1105627402927678,0,4
-1.4134176626665182,4.405240091306431,0.4978748710595211,1,4
-1.8041816121185388,2.5255087705729293,-0.647047639408727,0,4
-3.7115393751832233,2.154227205274106,1.281230563762572,0,4
-0.09945974456589024,5.026425680547218,2.158222668795957,1,4
-3.4387751272401994,3.387495847814461,1.132051367210679,0,4
-1.580502727690285,3.4903685994018825,-0.36219113405498116,0,4
-1.6100400558022523,4.502115147994613,-0.05097586530525164,0,4
-1.724363217670923,1.945157665681427,-0.059854397695851456,0,4
-2.4945768821616077,2.4479737318405776,0.7825181806723981,0,4
-1.1727473488594977,3.1579333488346957,1.55356466849423,0,4
-3.5603674739430957,2.435686762238758,0.36814655519840694,0,4
-2.065828788673923,3.78313653527245,1.9748910853573585,0,4
-2.5638746765524587,2.812600779096016,0.8971944180330614,0,4
-2.6772979420670318,3.0074671925028102,0.7652006058855818,1,4
-1.5712522125464543,3.0657716751876616,0.8287114061289749,0,4
-0.9225214572803169,4.170338770806788,2.7059402787087734,1,4
-2.343255761836866,3.9346820628963304,1.9982889833413344,0,4
-1.2193189100742226,3.3931409031474242,1.1868913445990807,0,4
-1.9502593345554016,3.4611463913598355,0.025674453657999224,0,4
-2.892732209238009,3.3202916840072247,-0.21669325405592046,0,4
-2.2579520932410637,3.8117774787080694,1.5760695035613907,1,4
-2.299485890791615,2.2837808848887353,1.6739744952710462,0,4
-2.6966599125054467,3.288838351659376,0.4337691222144516,0,4
-1.5715170713441662,2.6668752341163593,0.4545318718688109,0,4
-1.7653538122952408,4.689822620441015,0.05139785431709231,0,4
-3.5906496982694183,4.3421822947732185,-0.3278910626312124,0,4
-3.651525995239358,3.6328391323516085,-0.1621345066439178,0,4
-1.5753155467942457,3.3784669392929856,0.13542598524553,0,4
-2.8152864287945345,2.912040949018823,1.7180999962398222,0,4
-1.697958844899676,1.738876268652865,-0.23971377853080178,0,4
-1.2190684218908117,2.7838277766780344,0.05261207591138063,0,4
-3.2709528374055594,3.1014000334052567,-0.8653776604065087,0,4
-3.411537254576185,3.229456474444662,0.7166310664731552,0,4
-0.32556831760470484,3.469536367015826,1.3666791787182826,0,4
-1.648429217037541,3.921330197877685,1.6244978459567558,0,4
-2.4192406566732707,2.307845928307133,0.20336452469571042,0,4
-2.9339404526462634,2.316924392790989,0.5743542832792355,0,4
-2.5104408489072796,4.450856679743159,-0.15355032217003803,0,4
-3.19057233611331,3.7709815891931484,0.5280186796945225,0,4
-1.1165878259094097,2.6092290578666786,0.3139651524992144,0,4
-2.776751153606321,2.8927888310477634,0.05826438725148733,0,4
-0.906465411783733,2.8972860533251015,0.13775369227712947,0,4
-2.4006289197700115,3.031574122281383,0.45192228339364876,0,4
-3.0433501836173145,3.472683092238613,-0.29415243484556425,0,4
-2.4263015880138012,5.534992746099832,-0.2424967920780333,0,4
-4.624166777501417,3.1897565611626524,1.7073620136715535,0,4
-2.1207685766740068,3.662598150425251,2.710546768846383,0,4
-2.1701191911301585,2.3135232938098573,-0.2043669485340438,1,4
-1.1752572534520325,2.515100007221165,-1.2594712043760588,0,4
-3.8863049279833795,4.228815002716605,-0.9571528278081498,0,4
-0.8381336391364522,4.402315391356616,0.8967115849614449,1,4
-1.1794007050023438,-1.3891145848648367,0.895780511037257,0,4
-0.7479564363013373,3.6740232023161967,0.591252942048272,0,4
-2.0527213760041376,4.918164394628769,0.17203113678046833,0,4
-0.9861031658972446,1.0040924138802068,0.5289355469578989,0,4
-3.4712440349069054,4.519387675645512,-0.6920861566283695,0,4
-1.286952434795467,1.228044369374072,0.7558772282473811,1,4
-2.7711627620999453,3.937998945053413,-0.020094548375796818,0,4
-3.6514018324229363,2.9913513739877597,-1.5842163388718526,0,4
-3.124140518164361,0.6500287847553836,-1.161310204722596,0,4
-1.9944688613707293,3.4461378272397867,-1.121566061277659,0,4
-2.8242992082176035,5.150839749152059,1.7641082236837744,1,4
-1.6239264683042,3.3638870038215734,0.24535494857241638,0,4
-3.808237555004017,3.584827637059613,0.611061200073943,0,4
-4.127097543615862,2.5883238876609385,-1.8396549898024643,0,4
-0.627612565856424,1.138610244778978,-1.4835666860516032,0,4
-1.0961998705985656,4.6918640223370645,1.6632154402564954,1,4
-3.0492968359138075,4.749753919446295,-2.778669641666051,0,4
-2.0029996434705395,5.129580854227459,2.2246293575998046,1,4
-0.9804929397986761,1.0121241703986539,-1.82331714352279,0,4
-1.5807993917093945,1.4851055927890662,0.8433448919249784,0,4
-1.8517769038165217,2.1540322582026596,-0.8885846247569626,0,4
-0.9048459186874029,2.407024548719857,2.0489037151715825,1,4
-2.73071247520122,3.044189919556039,3.208160913916495,0,4
-1.9688215513353713,3.3934158051805228,-2.2731776301211255,0,4
-2.0178486382923917,1.5697467167576324,0.6953771478606484,0,4
-2.2727620476710424,3.777128459275528,-1.8081627135937397,0,4
-2.389805511420752,4.601103944020014,1.4267689222175042,1,4
-1.9271317621715092,3.451840875156297,0.793227836448106,1,4
-1.9655925040144724,2.827478014016016,0.1297823224618433,0,4
-3.048427642534526,1.0501988243469684,-0.911686276328237,0,4
-1.1982040900995525,2.667737843712926,0.7805411094965004,0,4
-2.976385207766258,3.007384974130326,-1.448357837970381,0,4
-2.218233444547174,3.1687475952281896,1.2416372628987402,0,4
-2.2952804727200515,3.378876912020174,-0.40925030661018263,0,4
-1.6418963873407841,3.2442417432305724,-1.4026906774030896,0,4
-4.119103940217332,2.7356563027343297,1.5949368233406982,0,4
-1.1090901850705417,3.286194942554317,-0.06734265280915312,0,4
-2.676990347612164,4.002031993310248,1.9076359704420263,0,4
-0.7800367052229458,3.904501926690356,2.2213561293133424,1,4
-2.4781649245161543,3.3175948908316766,-0.798145704786435,0,4
